Sr. No.,Sector Name,Line Ministry,Implementing Agency,Project Code,Project Name,"Original Cost
(in cr.)","Revised Cost
(in cr.)","Expenditure
(in cr.)","Physical Progress
(in %)","Original
Date of Commissioning","Revised
Date of Commissioning",Sanction Date,Schedule Delay Days,Schedule Delay Months,Schedule Status,Cost Overrun,Cost Overrun %,Cost Status,Expenditure %,"Remaining Budget
(in cr.)",Project Stage,Progress Gap,Expenditure Efficiency Status,Planned Duration Days,Planned Duration Months,Time Elapsed Days,Time Elapsed Months,Time Elapsed %,Expected Progress %,Progress Deviation,Progress Status,Remaining Project Time Days,Remaining Project Time Months,Planned Duration Years,Time Elapsed Years,Schedule Delay Years,Remaining Project Time Years,Delay Risk,Delay Risk Label
1,Aviation & Aviation Infrastructure,Ministry of Civil Aviation,Airport Authority of India [AAI],611570,"SITC of ATM Automation System and ASMGCS [Including SMR & MLAT] for Mumbai, Navi Mumbai, Jewar [earlier MOPA, without ASMGCS], HIAL & BIAL",500,,399.77,80,2025-09-11,2026-08-31,2020-12-18,354.0,11.8,Delayed,,,Not Available,79.954,100.23000000000002,Near Completion,-0.04600000000000648,Balanced,1728.0,57.6,2087,69.56666666666666,120.77546296296295,100.0,-20.0,Behind Schedule,-5.0,-0.16666666666666666,4.73,5.71,0.97,-0.01,1.0,Delayed
2,Coal,Ministry of Coal,WCL - CIL,616223,ADASA UG TO OC MINE,316,,209.29,86,2024-03-31,2027-03-31,2018-11-16,1095.0,36.5,Delayed,,,Not Available,66.23101265822785,106.71000000000001,Near Completion,-19.768987341772146,Low Expenditure,1962.0,65.4,2850,95.0,145.2599388379205,100.0,-14.0,Behind Schedule,207.0,6.9,5.37,7.8,3.0,0.57,1.0,Delayed
3,Coal,Ministry of Coal,WCL - CIL,616229,AMAL GONDEGAON GHATROHANA EXPN,669,,2.95,3,2029-03-31,,2024-09-10,,,Not Available,,,Not Available,0.4409566517189835,666.05,Early Stage,-2.5590433482810164,Balanced,1663.0,55.43333333333333,725,24.166666666666668,43.595911004209256,43.595911004209256,-40.595911004209256,Severely Behind,,,4.55,1.98,,,,
4,Coal,Ministry of Coal,WCL - CIL,616050,AMALGAMATED INDER-KAMPTEE DEEP,236,,128.49,99,2024-03-31,2027-03-31,2018-09-22,1095.0,36.5,Delayed,,,Not Available,54.444915254237294,107.50999999999999,Near Completion,-44.555084745762706,Low Expenditure,2017.0,67.23333333333333,2905,96.83333333333333,144.02578086266732,100.0,-1.0,On Track,207.0,6.9,5.52,7.95,3.0,0.57,1.0,Delayed
5,Coal,Ministry of Coal,WCL - CIL,400177,AMALGAMATED YEKONA I & YEKONA,727,,564.25,81,2025-03-31,2027-03-31,2015-08-12,730.0,24.333333333333332,Delayed,,,Not Available,77.61348005502063,162.75,Near Completion,-3.3865199449793693,Balanced,3519.0,117.3,4042,134.73333333333332,114.86217675475987,100.0,-19.0,Behind Schedule,207.0,6.9,9.63,11.07,2.0,0.57,1.0,Delayed
6,Coal,Ministry of Coal,WCL - CIL,615916,AMLG GAURI PAUNI EXPANSION OC,1225,,92.02,4,2030-03-31,,2024-04-26,,,Not Available,,,Not Available,7.511836734693878,1132.98,Early Stage,3.511836734693878,Balanced,2165.0,72.16666666666667,862,28.733333333333334,39.815242494226325,39.815242494226325,-35.815242494226325,Severely Behind,,,5.93,2.36,,,,
7,Coal,Ministry of Coal,WCL - CIL,615330,BALLARPUR NORTH WEST OC MINE,361,,26.97,5,2029-03-31,,2022-12-16,,,Not Available,,,Not Available,7.470914127423822,334.03,Early Stage,2.470914127423822,Balanced,2297.0,76.56666666666666,1359,45.3,59.164127122333475,59.164127122333475,-54.164127122333475,Severely Behind,,,6.29,3.72,,,,
8,Coal,Ministry of Coal,WCL - CIL,400033,BHATADI EXPANSION OC,581,,112.17,34,2028-03-31,,2020-02-11,,,Not Available,,,Not Available,19.306368330464714,468.83,In Progress,-14.693631669535286,Low Expenditure,2971.0,99.03333333333333,2398,79.93333333333334,80.71356445641197,80.71356445641197,-46.71356445641197,Severely Behind,,,8.13,6.57,,,,
9,Coal,Ministry of Coal,WCL - CIL,400353,DHUPTALA OC [SASTI UG TO OC ],711,,174.66,19,2028-03-31,,2019-02-12,,,Not Available,,,Not Available,24.565400843881857,536.34,Early Stage,5.565400843881857,Balanced,3335.0,111.16666666666667,2762,92.06666666666666,82.81859070464768,82.81859070464768,-63.818590704647676,Severely Behind,,,9.13,7.56,,,,
10,Coal,Ministry of Coal,WCL - CIL,400178,DINESH[MAKARDHOKRA-III] OC,823,,792.0,41,2027-03-31,,2020-02-11,,,Not Available,,,Not Available,96.23329283110571,31.0,In Progress,55.233292831105715,High Concern,2605.0,86.83333333333333,2398,79.93333333333334,92.05374280230326,92.05374280230326,-51.05374280230326,Severely Behind,,,7.13,6.57,,,,
11,Coal,Ministry of Coal,WCL - CIL,615331,GADEGAON OC 3 MTY,497,,95.69,2,2030-03-31,,2023-10-28,,,Not Available,,,Not Available,19.25352112676056,401.31,Early Stage,17.25352112676056,Moderate Concern,2346.0,78.2,1043,34.766666666666666,44.45865302642796,44.45865302642796,-42.45865302642796,Severely Behind,,,6.42,2.86,,,,
12,Coal,Ministry of Coal,WCL - CIL,615917,GAURIDEEP/GAURI CENTRAL OCP 7.,973,,1.55,2,2030-03-31,,2023-08-08,,,Not Available,,,Not Available,0.15930113052415212,971.45,Early Stage,-1.840698869475848,Balanced,2427.0,80.9,1124,37.46666666666667,46.312319736299955,46.312319736299955,-44.312319736299955,Severely Behind,,,6.64,3.08,,,,
13,Coal,Ministry of Coal,WCL - CIL,615914,GHONSA EXPANSION DEEP OC MINE,185,,15.72,13,2029-03-31,,2021-03-23,,,Not Available,,,Not Available,8.497297297297298,169.28,Early Stage,-4.5027027027027025,Balanced,2930.0,97.66666666666667,1992,66.4,67.98634812286689,67.98634812286689,-54.986348122866886,Severely Behind,,,8.02,5.45,,,,
14,Coal,Ministry of Coal,WCL - CIL,615192,GOKUL EXTENSION OC MINE,310,,62.31,8,2026-03-31,2027-03-31,2021-04-23,365.0,12.166666666666666,Delayed,,,Not Available,20.1,247.69,Early Stage,12.100000000000001,Moderate Concern,1803.0,60.1,1961,65.36666666666666,108.76317249029395,100.0,-92.0,Severely Behind,207.0,6.9,4.94,5.37,1.0,0.57,1.0,Delayed
15,Coal,Ministry of Coal,WCL - CIL,617278,KOLARPIMPRI EXPANSION OC [2.5,630,,0.61,0,2030-03-31,,2024-06-05,,,Not Available,,,Not Available,0.09682539682539681,629.39,Not Started,0.09682539682539681,Balanced,2125.0,70.83333333333333,822,27.4,38.682352941176475,38.682352941176475,-38.682352941176475,Severely Behind,,,5.82,2.25,,,,
16,Coal,Ministry of Coal,WCL - CIL,615199,KOLGAON EXPANSION DEEP OC MINE,199,,25.08,4,2027-03-31,,2023-01-28,,,Not Available,,,Not Available,12.603015075376883,173.92000000000002,Early Stage,8.603015075376883,Balanced,1523.0,50.766666666666666,1316,43.86666666666667,86.40840446487196,86.40840446487196,-82.40840446487196,Severely Behind,,,4.17,3.6,,,,
17,Coal,Ministry of Coal,WCL - CIL,615189,MAKARDHOKRA EXPN OC 4.9 MTY,362,,104.17,12,2026-03-31,2027-03-31,2022-06-14,365.0,12.166666666666666,Delayed,,,Not Available,28.776243093922655,257.83,Early Stage,16.776243093922655,Moderate Concern,1386.0,46.2,1544,51.46666666666667,111.3997113997114,100.0,-88.0,Severely Behind,207.0,6.9,3.79,4.23,1.0,0.57,1.0,Delayed
18,Coal,Ministry of Coal,WCL - CIL,615919,N. EXTN. MUNGOLI NIRGUDA D OCP,1025,,218.26,28,2029-03-31,,2024-06-05,,,Not Available,,,Not Available,21.293658536585365,806.74,In Progress,-6.706341463414635,Balanced,1760.0,58.666666666666664,822,27.4,46.70454545454545,46.70454545454545,-18.704545454545453,Behind Schedule,,,4.82,2.25,,,,
19,Coal,Ministry of Coal,WCL - CIL,615188,NEW MAJRI UG TO OC 3 MTY COST,402,,67.81,24,2027-03-31,,2019-05-25,,,Not Available,,,Not Available,16.8681592039801,334.19,Early Stage,-7.131840796019901,Balanced,2867.0,95.56666666666666,2660,88.66666666666667,92.7799093128706,92.7799093128706,-68.7799093128706,Severely Behind,,,7.85,7.28,,,,
20,Coal,Ministry of Coal,WCL - CIL,615982,NILJAI EXPANSION DEEP OCP,320,,196.82,80,2022-03-31,2027-03-31,2016-08-27,1826.0,60.86666666666667,Delayed,,,Not Available,61.506249999999994,123.18,Near Completion,-18.493750000000006,Low Expenditure,2042.0,68.06666666666666,3661,122.03333333333333,179.28501469147895,100.0,-20.0,Behind Schedule,207.0,6.9,5.59,10.02,5.0,0.57,1.0,Delayed
21,Coal,Ministry of Coal,WCL - CIL,615918,RPR OF BHANEGAON OC,405,,43.16,16,2028-03-31,,2017-02-02,,,Not Available,,,Not Available,10.65679012345679,361.84000000000003,Early Stage,-5.3432098765432094,Balanced,4075.0,135.83333333333334,3502,116.73333333333333,85.93865030674847,85.93865030674847,-69.93865030674847,Severely Behind,,,11.16,9.59,,,,
22,Coal,Ministry of Coal,WCL - CIL,615184,SAONER UG MINE -1 EXPANSION 1.,229,,157.01,69,2028-03-31,,2022-01-31,,,Not Available,,,Not Available,68.56331877729257,71.99000000000001,Advanced Stage,-0.4366812227074348,Balanced,2251.0,75.03333333333333,1678,55.93333333333333,74.54464682363394,74.54464682363394,-5.54464682363394,On Track,,,6.16,4.59,,,,
23,Coal,Ministry of Coal,WCL - CIL,619055,SAONER-III EXPN UG MINE 1.54,444,,0.0,0,2032-03-31,,2025-08-25,,,Not Available,,,Not Available,0.0,444.0,Not Started,0.0,Balanced,2410.0,80.33333333333333,376,12.533333333333333,15.601659751037344,15.601659751037344,-15.601659751037344,Behind Schedule,,,6.6,1.03,,,,
24,Coal,Ministry of Coal,WCL - CIL,615186,SASTI EXPANSION OPENCAST,319,,155.37,32,2026-03-31,2027-03-31,2020-08-04,365.0,12.166666666666666,Delayed,,,Not Available,48.705329153605014,163.63,In Progress,16.705329153605014,Moderate Concern,2065.0,68.83333333333333,2223,74.1,107.65133171912834,100.0,-68.0,Severely Behind,207.0,6.9,5.65,6.09,1.0,0.57,1.0,Delayed
25,Coal,Ministry of Coal,WCL - CIL,615190,SINGHORI DEEP OC MIN 2.0 MTY,336,,53.94,10,2029-03-31,,2022-05-05,,,Not Available,,,Not Available,16.053571428571427,282.06,Early Stage,6.053571428571427,Balanced,2522.0,84.06666666666666,1584,52.8,62.807295796986516,62.807295796986516,-52.807295796986516,Severely Behind,,,6.9,4.34,,,,
26,Coal,Ministry of Coal,WCL - CIL,616044,UKNI DEEP OC MINE -COST PLUS,237,,168.91,95,2021-03-31,2027-03-31,2018-11-16,2191.0,73.03333333333333,Delayed,,,Not Available,71.27004219409284,68.09,Near Completion,-23.729957805907162,Low Expenditure,866.0,28.866666666666667,2850,95.0,329.0993071593534,100.0,-5.0,On Track,207.0,6.9,2.37,7.8,6.0,0.57,1.0,Delayed
27,Coal,Ministry of Coal,WCL - CIL,617233,WAGHODA UG MINE [1.02 MTY],379,,0.0,0,2030-03-31,,2024-01-29,,,Not Available,,,Not Available,0.0,379.0,Not Started,0.0,Balanced,2253.0,75.1,950,31.666666666666668,42.16600088770528,42.16600088770528,-42.16600088770528,Severely Behind,,,6.17,2.6,,,,
28,Energy Storage,Ministry of Petroleum & Natural Gas,Indian Oil Corporation Limited [IOCL],604833,"Andheri Residential Towers, Mumbai",281,389.67,281.24,86,2025-05-31,2027-06-30,2017-06-27,760.0,25.333333333333332,Delayed,108.67000000000002,38.67259786476869,Over Budget,100.08540925266904,-0.2400000000000091,Near Completion,14.085409252669038,Moderate Concern,2895.0,96.5,3357,111.9,115.95854922279794,100.0,-14.0,Behind Schedule,298.0,9.933333333333334,7.93,9.19,2.08,0.82,1.0,Delayed
29,Energy Storage,Ministry of Petroleum & Natural Gas,Bharat Petroleum Corporation Limited [BPCL],619313,Setting up of 50 MW [plus/minus 5 percent] Wind Power Plant for Captive Consumption at MR,483,483.14,380.62,78,2027-04-30,,2023-05-15,,,Not Available,0.13999999999998636,0.028985507246373988,Over Budget,78.80331262939958,102.38,Near Completion,0.8033126293995849,Balanced,1446.0,48.2,1209,40.3,83.60995850622407,83.60995850622407,-5.609958506224075,On Track,,,3.96,3.31,,,,
30,Healthcare,Ministry of Health & Family Welfare,"Medical Education, Ministry of Health and Family Welfare",706988,Establishment of new GMC Gondia,189,,113.4,40,,,2021-07-15,,,Not Available,,,Not Available,60.0,75.6,In Progress,20.0,Moderate Concern,,,1878,62.6,,,,Not Available,,,,5.14,,,,
31,Healthcare,Ministry of Labour and Employment,Employee's State Insurance Company [ESIC],612213,"Construction of 200 Bedded ESIC Hospital at Butibori, Nagpur, Maharashtra.",195,196.7,116.22,67,2025-08-31,2026-09-30,2013-10-28,395.0,13.166666666666666,Delayed,1.6999999999999886,0.871794871794866,Over Budget,59.599999999999994,78.78,Advanced Stage,-7.400000000000006,Balanced,4325.0,144.16666666666666,4695,156.5,108.5549132947977,100.0,-33.0,Severely Behind,25.0,0.8333333333333334,11.84,12.85,1.08,0.07,1.0,Delayed
32,Healthcare,Ministry of Labour and Employment,Employee's State Insurance Company [ESIC],616691,"Upgradation & Extension of ESIC Hospital and Construction of PG Hostel / Staff Housing for ESIC Hospital at Andheri, Mumbai",260,,216.46,89,2025-08-15,2026-09-30,2008-12-26,411.0,13.7,Delayed,,,Not Available,83.25384615384615,43.53999999999999,Near Completion,-5.746153846153845,Balanced,6076.0,202.53333333333333,6462,215.4,106.35286372613561,100.0,-11.0,Behind Schedule,25.0,0.8333333333333334,16.64,17.69,1.13,0.07,1.0,Delayed
33,Oil & Gas,Ministry of Petroleum & Natural Gas,Gas Authority of India Limited [GAIL],400168,"500 KTA PDHPP Project, Usar",8797,11256.0,8861.88,92,2025-04-08,2027-06-30,2021-04-08,813.0,27.1,Delayed,2459.0,27.95271115152893,Over Budget,100.73752415596225,-64.8799999999992,Near Completion,8.737524155962248,Balanced,1461.0,48.7,1976,65.86666666666666,135.2498288843258,100.0,-8.0,On Track,298.0,9.933333333333334,4.0,5.41,2.23,0.82,1.0,Delayed
34,Oil & Gas,Ministry of Petroleum & Natural Gas,Gas Authority of India Limited [GAIL],619224,Augmentation of DUPL-DPPL Pipeline,844,844.0,1.2,8,2028-03-22,,2025-06-23,,,Not Available,0.0,0.0,No Cost Overrun,0.14218009478672985,842.8,Early Stage,-7.85781990521327,Balanced,1003.0,33.43333333333333,439,14.633333333333333,43.76869391824527,43.76869391824527,-35.76869391824527,Severely Behind,,,2.75,1.2,,,,
35,Oil & Gas,Ministry of Petroleum & Natural Gas,Indian Oil Corporation Limited [IOCL],709771,"City Gas Distribution Project at Beed, Jalgaon and Jalna Districts",865,865.0,89.23,3,2031-09-30,,2022-03-15,,,Not Available,0.0,0.0,No Cost Overrun,10.315606936416186,775.77,Early Stage,7.315606936416186,Balanced,3486.0,116.2,1635,54.5,46.901893287435456,46.901893287435456,-43.901893287435456,Severely Behind,,,9.54,4.48,,,,
36,Oil & Gas,Ministry of Petroleum & Natural Gas,Indian Oil Corporation Limited [IOCL],709780,Construction of Additional Tankages and Allied Facilities at JNPT Terminal,341,436.14,305.01,73,2026-08-31,,2022-04-19,,,Not Available,95.13999999999999,27.90029325513196,Over Budget,89.4457478005865,35.99000000000001,Advanced Stage,16.445747800586503,Moderate Concern,1595.0,53.166666666666664,1600,53.333333333333336,100.31347962382443,100.0,-27.0,Severely Behind,,,4.37,4.38,,,,
37,Oil & Gas,Ministry of Petroleum & Natural Gas,Gas Authority of India Limited [GAIL],619225,Installation of Compression facility at GAIL Usar,260,260.2,0.0,0,2027-04-08,,2025-04-09,,,Not Available,0.19999999999998863,0.07692307692307256,Over Budget,0.0,260.0,Not Started,0.0,Balanced,729.0,24.3,514,17.133333333333333,70.50754458161865,70.50754458161865,-70.50754458161865,Severely Behind,,,2.0,1.41,,,,
38,Oil & Gas,Ministry of Petroleum & Natural Gas,Hindustan Petroleum Corporation Limited,616933,Lube Modernization & Bottom Upgradation Project at Mumbai Refinery,4679,6008.0,314.9,14,2028-03-16,2029-08-31,2024-12-16,533.0,17.766666666666666,Delayed,1329.0,28.403505022440694,Over Budget,6.730070527890575,4364.1,Early Stage,-7.269929472109425,Balanced,1186.0,39.53333333333333,628,20.933333333333334,52.951096121416526,52.951096121416526,-38.951096121416526,Severely Behind,1091.0,36.36666666666667,3.25,1.72,1.46,2.99,1.0,Delayed
39,Oil & Gas,Ministry of Petroleum & Natural Gas,Oil and Natural Gas Corporation Limited [ONGC],619328,ONGC-BP Redevelopment Phase-1 Scheme of Mumbai High Field,3713,3908.0,2304.68,56,2027-03-31,,2025-11-25,,,Not Available,195.0,5.251817936978185,Over Budget,62.07056288715324,1408.3200000000002,Advanced Stage,6.070562887153237,Balanced,491.0,16.366666666666667,284,9.466666666666667,57.841140529531565,57.841140529531565,-1.8411405295315646,On Track,,,1.34,0.78,,,,
40,Oil & Gas,Ministry of Petroleum & Natural Gas,Bharat Petroleum Corporation Limited [BPCL],619223,Petro Resid Fluidized Catalytic Cracking [PRFCC] Unit and its associated facilities at Mumbai Refinery,13626,13626.0,93.6,7,2029-09-30,,2025-05-30,,,Not Available,0.0,0.0,No Cost Overrun,0.6869220607661822,13532.4,Early Stage,-6.313077939233818,Balanced,1584.0,52.8,463,15.433333333333334,29.22979797979798,29.22979797979798,-22.22979797979798,Severely Behind,,,4.34,1.27,,,,
41,Oil & Gas,Ministry of Petroleum & Natural Gas,Bharat Petroleum Corporation Limited [BPCL],709797,POL & LOBS Installations with Receipt Pipelines at Rasayani,2585,2585.0,1507.62,87,2026-05-31,,2023-05-15,,,Not Available,0.0,0.0,No Cost Overrun,58.321856866537715,1077.38,Near Completion,-28.678143133462285,Low Expenditure,1112.0,37.06666666666667,1209,40.3,108.72302158273382,100.0,-13.0,Behind Schedule,,,3.04,3.31,,,,
42,Railways,Ministry of Railways,Central Railway [CR] - II,705506,3rd Line Manmad - Jalgaon [160 Kilometres],1035,1870.0,1843.54,100,2024-12-31,2025-11-24,2017-05-30,328.0,10.933333333333334,Delayed,835.0,80.67632850241546,Over Budget,178.11980676328503,-808.54,Completed,78.11980676328503,High Concern,2772.0,92.4,3385,112.83333333333333,122.1139971139971,100.0,0.0,On Track,-285.0,-9.5,7.59,9.27,0.9,-0.78,1.0,Delayed
43,Railways,Ministry of Railways,CAOC/SECR SECR mor,709815,4th line - Bhatapara-Hathband 8.8 km PB72/NR/2022-23,177,177.03,21.08,3,2027-01-31,2027-12-31,2022-09-30,334.0,11.133333333333333,Delayed,0.030000000000001137,0.016949152542373523,Over Budget,11.90960451977401,155.92000000000002,Early Stage,8.90960451977401,Balanced,1584.0,52.8,1436,47.86666666666667,90.65656565656566,90.65656565656566,-87.65656565656566,Severely Behind,482.0,16.066666666666666,4.34,3.93,0.91,1.32,1.0,Delayed
44,Railways,Ministry of Railways,CAOC/SECR SECR mor,709816,4th line - Bhilai-Bhilai nagar 8.8 km PB72/NR/2022-23,177,177.34,35.21,3,2027-02-28,2027-02-28,2022-09-30,0.0,0.0,On Schedule,0.3400000000000034,0.1920903954802279,Over Budget,19.892655367231637,141.79,Early Stage,16.892655367231637,Moderate Concern,1612.0,53.733333333333334,1436,47.86666666666667,89.0818858560794,89.0818858560794,-86.0818858560794,Severely Behind,176.0,5.866666666666666,4.41,3.93,0.0,0.48,0.0,Not Delayed
45,Railways,Ministry of Railways,CAOC/SECR SECR mor,709817,4th line - Dadhapara-Belha 9.2 km PB72/NR/2022-23,169,169.06,65.43,10,2026-11-30,2026-11-26,2022-09-15,-4.0,-0.13333333333333333,Ahead of Schedule,0.060000000000002274,0.035502958579883,Over Budget,38.71597633136095,103.57,Early Stage,28.71597633136095,High Concern,1537.0,51.233333333333334,1451,48.36666666666667,94.40468445022772,94.40468445022772,-84.40468445022772,Severely Behind,82.0,2.7333333333333334,4.21,3.97,-0.01,0.22,0.0,Not Delayed
46,Railways,Ministry of Railways,CAOC/CR CR mor,705356,Ahmednagar - Beed - Parli - Vaijnath New Broad Gauge Line Railway Project [261.3 km],2539,5942.48,5054.69,93,2026-12-31,2026-03-31,1997-02-21,-275.0,-9.166666666666666,Ahead of Schedule,3403.4799999999996,134.04805041354862,Over Budget,199.08192201654194,-2515.6899999999996,Near Completion,106.08192201654194,High Concern,10905.0,363.5,10788,359.6,98.92709766162311,98.92709766162311,-5.927097661623108,On Track,-158.0,-5.266666666666667,29.86,29.54,-0.75,-0.43,0.0,Not Delayed
47,Railways,Ministry of Railways,CAOCON/SCR SCR mor,611751,Aurangabad-Ankai 98.25 km,961,,381.13,0,2025-12-31,,2023-05-25,,,Not Available,,,Not Available,39.659729448491156,579.87,Not Started,39.659729448491156,High Concern,951.0,31.7,1199,39.96666666666667,126.07781282860147,100.0,-100.0,Severely Behind,,,2.6,3.28,,,,
48,Railways,Ministry of Railways,CAOC/CR CR mor,705357,Baramati - Lonand 54 km,138,1790.5,1132.25,60,2027-03-31,2027-03-31,1999-02-04,0.0,0.0,On Schedule,1652.5,1197.463768115942,Over Budget,820.4710144927537,-994.25,Advanced Stage,760.4710144927537,High Concern,10282.0,342.73333333333335,10075,335.8333333333333,97.9867730013616,97.9867730013616,-37.9867730013616,Severely Behind,207.0,6.9,28.15,27.58,0.0,0.57,0.0,Not Delayed
49,Railways,Ministry of Railways,CAOC/CR CR mor,617364,Central Railway - Double chord line between Nilaje and Kopar 4.495 km PB34/CR/2023-24,338,205.0,57.54,15,2028-07-26,,2023-07-27,,,Not Available,-133.0,-39.349112426035504,Cost Reduced,17.023668639053255,280.46,Early Stage,2.0236686390532554,Balanced,1826.0,60.86666666666667,1136,37.86666666666667,62.21248630887185,62.21248630887185,-47.21248630887185,Severely Behind,,,5.0,3.11,,,,
50,Railways,Ministry of Railways,CAOC/CR CR mor,705504,Daund - Manmad 247.50 km,2081,3554.74,3191.56,95,2025-12-01,2026-03-31,2017-10-04,120.0,4.0,Delayed,1473.7399999999998,70.81883709754925,Over Budget,153.36665064872656,-1110.56,Near Completion,58.36665064872656,High Concern,2980.0,99.33333333333333,3258,108.6,109.32885906040268,100.0,-5.0,On Track,-158.0,-5.266666666666667,8.16,8.92,0.33,-0.43,1.0,Delayed
51,Railways,Ministry of Railways,CAOCON/SCR SCR mor,617215,Doubling between Parbhani-Parli Vaijnath stations 64.71 km PB34/CR/2023-24,770,,174.3,1,2028-03-31,,2023-12-16,,,Not Available,,,Not Available,22.636363636363637,595.7,Early Stage,21.636363636363637,High Concern,1567.0,52.233333333333334,994,33.13333333333333,63.43331206126356,63.43331206126356,-62.43331206126356,Severely Behind,,,4.29,2.72,,,,
52,Railways,Ministry of Railways,CAOC/CR CR mor,705507,Itarsi-Nagpur bal. 280 km,2450,2509.24,2290.12,55,2027-03-31,2027-12-31,2016-09-02,275.0,9.166666666666666,Delayed,59.23999999999978,2.4179591836734606,Over Budget,93.47428571428571,159.8800000000001,Advanced Stage,38.47428571428571,High Concern,3862.0,128.73333333333332,3655,121.83333333333333,94.64008285862248,94.64008285862248,-39.64008285862248,Severely Behind,482.0,16.066666666666666,10.57,10.01,0.75,1.32,1.0,Delayed
53,Railways,Ministry of Railways,CAOC/CR CR mor,705498,Kalyan-Kasara - 3rd line 67.62 km,793,1395.5,1159.82,73,2026-12-31,2026-12-31,2015-09-14,0.0,0.0,On Schedule,602.5,75.97730138713746,Over Budget,146.25725094577552,-366.81999999999994,Advanced Stage,73.25725094577552,High Concern,4126.0,137.53333333333333,4009,133.63333333333333,97.16432380029084,97.16432380029084,-24.164323800290845,Severely Behind,117.0,3.9,11.3,10.98,0.0,0.32,0.0,Not Delayed
54,Railways,Ministry of Railways,National High Speed Rail Corporation [NHSRC],705728,Mumbai-Ahmedabad High Speed Rail Project- 508 km,108000,108000.0,90966.9,62,2027-08-31,2029-12-31,2015-03-31,853.0,28.433333333333334,Delayed,0.0,0.0,No Cost Overrun,84.2286111111111,17033.100000000006,Advanced Stage,22.228611111111107,High Concern,4536.0,151.2,4176,139.2,92.06349206349206,92.06349206349206,-30.063492063492063,Severely Behind,1213.0,40.43333333333333,12.42,11.43,2.34,3.32,1.0,Delayed
55,Railways,Ministry of Railways,CAOC/CR CR mor,612845,Pachora-Jamner with extension upto Malkapur-Narrow gauge to broad gauge 84 km,955,2093.82,294.53,10,2027-08-31,,2022-08-26,,,Not Available,1138.8200000000002,119.24816753926703,Over Budget,30.84083769633508,660.47,Early Stage,20.84083769633508,High Concern,1831.0,61.03333333333333,1471,49.03333333333333,80.3386127799017,80.3386127799017,-70.3386127799017,Severely Behind,,,5.01,4.03,,,,
56,Railways,Ministry of Railways,PCE/WR,705793,Raising of speed to 160 kmph/200 kmph on existing New Delhi-Mumbai route incl. Vadodara-Ahmedabad,6806,8095.12,9480.86,66,2024-03-31,2026-03-31,2019-09-01,730.0,24.333333333333332,Delayed,1289.12,18.940934469585656,Over Budget,139.3014986776374,-2674.8600000000006,Advanced Stage,73.3014986776374,High Concern,1673.0,55.766666666666666,2561,85.36666666666666,153.07830245068737,100.0,-34.0,Severely Behind,-158.0,-5.266666666666667,4.58,7.01,2.0,-0.43,1.0,Delayed
57,Railways,Ministry of Railways,CAOC/SECR SECR mor,705617,Rajnandgaon-Nagpur - 3rd line 228 km,3545,3544.92,3143.54,95,2024-12-31,2026-06-30,2016-09-08,546.0,18.2,Delayed,-0.07999999999992724,-0.002256699576866777,Cost Reduced,88.67531734837799,401.46000000000004,Near Completion,-6.3246826516220125,Balanced,3036.0,101.2,3649,121.63333333333334,120.19104084321475,100.0,-5.0,On Track,-67.0,-2.2333333333333334,8.31,9.99,1.49,-0.18,1.0,Delayed
58,Railways,Ministry of Railways,CAOCWR WR mor,705457,Ratlam-Mhow-Khandwa-Akola 472.64 km including material modification for Fatehabad-Chandrawati Ganj-Ujjain 22.96 km and Rau-DADN doubling 9.40 km,1656,13314.5,5045.54,75,2027-03-31,2028-09-30,2008-01-17,549.0,18.3,Delayed,11658.5,704.0157004830918,Over Budget,304.6823671497584,-3389.54,Advanced Stage,229.68236714975842,High Concern,7013.0,233.76666666666668,6806,226.86666666666667,97.04833879937259,97.04833879937259,-22.048338799372587,Severely Behind,756.0,25.2,19.2,18.63,1.5,2.07,1.0,Delayed
59,Railways,Ministry of Railways,Rail Land Development Authority,613015,Redevelopment of Chhatrapati Shivaji Maharaj Terminus [CSMT] and construction of associated infrastructure,1813,,873.99,25,2027-03-31,,2023-04-28,,,Not Available,,,Not Available,48.206839492553776,939.01,Early Stage,23.206839492553776,High Concern,1433.0,47.766666666666666,1226,40.86666666666667,85.55478018143754,85.55478018143754,-60.554780181437536,Severely Behind,,,3.92,3.36,,,,
60,Railways,Ministry of Railways,CAOC/CR CR mor,705735,Solapur-Osmanabad - New line via Tuljapur 84.44 km umbrella work PB23/2018-19/NR,905,1647.87,1202.73,22,2027-03-31,2028-03-28,2019-01-08,363.0,12.1,Delayed,742.8699999999999,82.08508287292815,Over Budget,132.89834254143648,-297.73,Early Stage,110.89834254143648,High Concern,3004.0,100.13333333333334,2797,93.23333333333333,93.10918774966711,93.10918774966711,-71.10918774966711,Severely Behind,570.0,19.0,8.22,7.66,0.99,1.56,1.0,Delayed
61,Railways,Ministry of Railways,CAOC/SECR SECR mor,705479,Wadsa-Gadchiroli 49.5 km,1886,1880.61,1015.46,69,2027-03-31,2027-03-31,2017-05-17,0.0,0.0,On Schedule,-5.3900000000001,-0.28579003181336693,Cost Reduced,53.841993637327676,870.54,Advanced Stage,-15.158006362672324,Low Expenditure,3605.0,120.16666666666667,3398,113.26666666666667,94.25797503467408,94.25797503467408,-25.257975034674075,Severely Behind,207.0,6.9,9.87,9.3,0.0,0.57,0.0,Not Delayed
62,Railways,Ministry of Railways,Central Railways,705497,Wardha - Yavatmal Nanded Railway Line Project,3445,4030.69,4053.03,47,2026-12-31,,2008-02-16,,,Not Available,585.69,17.001161103047895,Over Budget,117.64963715529755,-608.0300000000002,In Progress,70.64963715529755,High Concern,6893.0,229.76666666666668,6776,225.86666666666667,98.30262585231394,98.30262585231394,-51.30262585231394,Severely Behind,,,18.87,18.55,,,,
63,Railways,Ministry of Railways,CAOC/CR CR mor,705500,Wardha Sevagram-Nagpur - 3rd line 76.3 km,540,899.52,836.27,88,2025-12-31,2026-10-31,2015-09-04,304.0,10.133333333333333,Delayed,359.52,66.57777777777777,Over Budget,154.86481481481482,-296.27,Near Completion,66.86481481481482,High Concern,3771.0,125.7,4019,133.96666666666667,106.57650490586053,100.0,-12.0,Behind Schedule,56.0,1.8666666666666667,10.32,11.0,0.83,0.15,1.0,Delayed
64,Railways,Ministry of Railways,CAOC/CR CR mor,705502,Wardha-Balharshah - 3rd line 132 km,1385,2603.11,1894.7,86,2025-12-31,2026-02-28,2016-03-07,59.0,1.9666666666666666,Delayed,1218.1100000000001,87.95018050541518,Over Budget,136.8014440433213,-509.70000000000005,Near Completion,50.80144404332131,High Concern,3586.0,119.53333333333333,3834,127.8,106.91578360290018,100.0,-14.0,Behind Schedule,-189.0,-6.3,9.82,10.5,0.16,-0.52,1.0,Delayed
65,Railways,Ministry of Railways,CAOC/CR CR mor,705505,Wardha-Nagpur - 4th line 78.70 km,638,1194.59,1090.49,88,2025-12-31,2026-10-31,2017-04-20,304.0,10.133333333333333,Delayed,556.5899999999999,87.23981191222569,Over Budget,170.923197492163,-452.49,Near Completion,82.92319749216301,High Concern,3177.0,105.9,3425,114.16666666666667,107.8061063896758,100.0,-12.0,Behind Schedule,56.0,1.8666666666666667,8.7,9.38,0.83,0.15,1.0,Delayed
66,Railways,Ministry of Railways,DFCCIL,705237,Western Dedicated Freight Corridor,51101,124005.0,124623.0,96,2022-03-31,2025-12-31,2008-02-28,1371.0,45.7,Delayed,72904.0,142.6664840218391,Over Budget,243.87585370149313,-73522.0,Near Completion,147.87585370149313,High Concern,5145.0,171.5,6764,225.46666666666667,131.46744412050535,100.0,-4.0,On Track,-248.0,-8.266666666666667,14.09,18.52,3.75,-0.68,1.0,Delayed
67,Roads & Highways,Ministry of Road Transport & Highways,NHAI,619095,Balance works of 4L Panvel Indapur section of NH66 old NH17 from km 42.300 kasu to km 84.600 Indapur,546,472.1,420.83,97,2024-05-17,2026-08-31,2022-06-15,836.0,27.866666666666667,Delayed,-73.89999999999998,-13.534798534798531,Cost Reduced,77.07509157509158,125.17000000000002,Near Completion,-19.924908424908423,Low Expenditure,702.0,23.4,1543,51.43333333333333,219.8005698005698,100.0,-3.0,On Track,-5.0,-0.16666666666666666,1.92,4.22,2.29,-0.01,1.0,Delayed
68,Roads & Highways,Ministry of Road Transport & Highways,NHAI,618588,4L Mitigation Measure structures on CH/MH Border to Wainganga Bridge Section of NH-6 New NH-53,540,468.92,464.29,100,2023-11-07,2026-08-31,2021-02-06,1028.0,34.266666666666666,Delayed,-71.07999999999998,-13.16296296296296,Cost Reduced,85.97962962962963,75.70999999999998,Completed,-14.020370370370372,Low Expenditure,1004.0,33.46666666666667,2037,67.9,202.88844621513945,100.0,0.0,On Track,-5.0,-0.16666666666666666,2.75,5.58,2.81,-0.01,1.0,Delayed
69,Roads & Highways,Ministry of Road Transport & Highways,NHAI,618941,4L of Bamni - Rajura - Warur - Devada upto M.S. Border of NH - 930D from km 19.000 to km 51.985,968,1187.19,826.96,78,2026-03-27,2026-12-31,2022-03-30,279.0,9.3,Delayed,219.19000000000005,22.64359504132232,Over Budget,85.42975206611571,141.03999999999996,Near Completion,7.429752066115711,Balanced,1458.0,48.6,1620,54.0,111.11111111111111,100.0,-22.0,Severely Behind,117.0,3.9,3.99,4.44,0.76,0.32,1.0,Delayed
70,Roads & Highways,Ministry of Road Transport & Highways,NHAI,619163,4L of Baramati to Indapur Pkg-II from km. 41.400 to km. 84.550 of NH-965G Saint Tukaram Marg,1471,1297.48,1071.0,86,2023-09-08,2026-12-31,2021-01-15,1210.0,40.333333333333336,Delayed,-173.51999999999998,-11.796057104010876,Cost Reduced,72.80761386811693,400.0,Near Completion,-13.192386131883069,Low Expenditure,966.0,32.2,2059,68.63333333333334,213.1469979296066,100.0,-14.0,Behind Schedule,117.0,3.9,2.64,5.64,3.31,0.32,1.0,Delayed
71,Roads & Highways,Ministry of Road Transport & Highways,NHAI,618557,4L of Indora Chowk to Pachpaoli and Agrasen Chowk - Ashoka Chowk,1039,918.53,696.83,84,2026-06-30,2026-09-15,2023-03-20,77.0,2.566666666666667,Delayed,-120.47000000000003,-11.594802694898943,Cost Reduced,67.06737247353225,342.16999999999996,Near Completion,-16.932627526467755,Low Expenditure,1198.0,39.93333333333333,1265,42.166666666666664,105.59265442404006,100.0,-16.0,Behind Schedule,10.0,0.3333333333333333,3.28,3.46,0.21,0.03,1.0,Delayed
72,Roads & Highways,Ministry of Road Transport & Highways,NHAI,618937,4L of Nagpur-Katol Section from Km. 13.00 to Km. 62.900 of NH-353J,1167,1432.82,1181.42,82,2023-10-28,2027-03-31,2021-02-11,1250.0,41.666666666666664,Delayed,265.81999999999994,22.77806341045415,Over Budget,101.235646958012,-14.420000000000073,Near Completion,19.235646958011998,Moderate Concern,989.0,32.96666666666667,2032,67.73333333333333,205.4600606673407,100.0,-18.0,Behind Schedule,207.0,6.9,2.71,5.56,3.42,0.57,1.0,Delayed
73,Roads & Highways,Ministry of Road Transport & Highways,NHAI,618837,4L of Ratnagiri - Kolhapur section from km 112.340 to km 145.300 of NH-166 PkgIII,1939,1910.41,1079.17,69,2025-05-24,2027-01-07,2022-02-08,593.0,19.766666666666666,Delayed,-28.589999999999918,-1.4744713769984485,Cost Reduced,55.65600825167613,859.8299999999999,Advanced Stage,-13.343991748323873,Low Expenditure,1201.0,40.03333333333333,1670,55.666666666666664,139.05079100749376,100.0,-31.0,Severely Behind,124.0,4.133333333333334,3.29,4.57,1.62,0.34,1.0,Delayed
74,Roads & Highways,Ministry of Road Transport & Highways,NHAI,618836,4L of Ratnagiri - Kolhapur section from km 67.140 to km 112.340 of NH-166 Pkg II,1985,1798.0,1239.53,82,2025-05-24,2027-01-12,2022-02-11,598.0,19.933333333333334,Delayed,-187.0,-9.420654911838792,Cost Reduced,62.444836272040305,745.47,Near Completion,-19.555163727959695,Low Expenditure,1198.0,39.93333333333333,1667,55.56666666666667,139.14858096828047,100.0,-18.0,Behind Schedule,129.0,4.3,3.28,4.56,1.64,0.35,1.0,Delayed
75,Roads & Highways,Ministry of Road Transport & Highways,NHAI,619149,4L of Ratnagiri - Kolhapur section of NH-166 from km 0.000 to km 19.769 and km 31.000 to km 67.140 Pkg I,1774,2108.41,1444.74,97,2024-11-21,2026-11-30,2022-02-14,739.0,24.633333333333333,Delayed,334.40999999999985,18.850620067643735,Over Budget,81.43968432919955,329.26,Near Completion,-15.560315670800449,Low Expenditure,1011.0,33.7,1664,55.46666666666667,164.58951533135507,100.0,-3.0,On Track,86.0,2.8666666666666667,2.77,4.56,2.02,0.24,1.0,Delayed
76,Roads & Highways,Ministry of Road Transport & Highways,NHAI,619101,4L Shahpur to Muktainagar from Km. 186.000 to km 216.278 of NH 753L Pkg II of Boregaon Buzurg to Muktainagar,784,659.52,330.42,64,2026-03-14,2026-10-30,2022-12-01,230.0,7.666666666666667,Delayed,-124.48000000000002,-15.877551020408164,Cost Reduced,42.14540816326531,453.58,Advanced Stage,-21.85459183673469,Low Expenditure,1199.0,39.96666666666667,1374,45.8,114.5954962468724,100.0,-36.0,Severely Behind,55.0,1.8333333333333333,3.28,3.76,0.63,0.15,1.0,Delayed
77,Roads & Highways,Ministry of Road Transport & Highways,NHAI,618516,6L from Sankeshwar Bypass to MH-KNT Border from Km. 555.017 to Km. 592.853 of NH-48 Pkg-II,1389,1066.86,1183.98,85,2025-04-23,2027-05-31,2022-01-20,768.0,25.6,Delayed,-322.1400000000001,-23.192224622030245,Cost Reduced,85.23974082073434,205.01999999999998,Near Completion,0.23974082073434033,Balanced,1189.0,39.63333333333333,1689,56.3,142.05214465937763,100.0,-15.0,Behind Schedule,268.0,8.933333333333334,3.26,4.62,2.1,0.73,1.0,Delayed
78,Roads & Highways,Ministry of Road Transport & Highways,NHAI,618585,6L of Gonde Km. 439.038 to Pimpri Sado Km. 459.905 section of NH-848 Old NH-3,857,718.84,160.05,40,2027-04-11,2027-11-04,2024-02-28,207.0,6.9,Delayed,-138.15999999999997,-16.121353558926486,Cost Reduced,18.67561260210035,696.95,In Progress,-21.32438739789965,Low Expenditure,1138.0,37.93333333333333,920,30.666666666666668,80.84358523725835,80.84358523725835,-40.84358523725835,Severely Behind,425.0,14.166666666666666,3.12,2.52,0.57,1.16,1.0,Delayed
79,Roads & Highways,Ministry of Road Transport & Highways,NHAI,618513,6L of Kagal-Satara section from Km 592.500 to Km 658.000 of NH-48 Pkg-I,2112,1435.46,634.07,51,2025-01-11,2027-02-28,2021-12-22,778.0,25.933333333333334,Delayed,-676.54,-32.03314393939394,Cost Reduced,30.02225378787879,1477.9299999999998,Advanced Stage,-20.97774621212121,Low Expenditure,1116.0,37.2,1718,57.266666666666666,153.9426523297491,100.0,-49.0,Severely Behind,176.0,5.866666666666666,3.06,4.7,2.13,0.48,1.0,Delayed
80,Roads & Highways,Ministry of Road Transport & Highways,NHAI,618514,6L of Kagal-Satara section from Km 658.000 to Km 725.000 of NH-48 Pkg-II,2331,317.4,206.68,90,2024-12-15,2026-12-31,2021-12-22,746.0,24.866666666666667,Delayed,-2013.6,-86.38352638352637,Cost Reduced,8.866580866580867,2124.32,Near Completion,-81.13341913341914,Low Expenditure,1089.0,36.3,1718,57.266666666666666,157.75941230486686,100.0,-10.0,On Track,117.0,3.9,2.98,4.7,2.04,0.32,1.0,Delayed
81,Roads & Highways,Ministry of Road Transport & Highways,NHAI,618636,Akkalkot MH/KN border New Greenfield corridor from Km 512.000 to Km 548.400 of NH-150C part of Akkalkot KN/TS Border section Package XIV,1371,1403.49,322.92,58,2026-10-02,2027-06-30,2023-03-28,271.0,9.033333333333333,Delayed,32.49000000000001,2.369803063457331,Over Budget,23.553610503282275,1048.08,Advanced Stage,-34.44638949671773,Low Expenditure,1284.0,42.8,1257,41.9,97.89719626168224,97.89719626168224,-39.89719626168224,Severely Behind,298.0,9.933333333333334,3.52,3.44,0.74,0.82,1.0,Delayed
82,Roads & Highways,Ministry of Road Transport & Highways,MoRTH,617947,Arawali Kante section of NH-17New NH-66 4L PS from Km.241/300 to 281/300,1007,1443.09,0.17,80,2019-11-13,2026-03-31,2016-03-31,2330.0,77.66666666666667,Delayed,436.0899999999999,43.30585898709035,Over Budget,0.016881827209533268,1006.83,Near Completion,-79.98311817279047,Low Expenditure,1322.0,44.06666666666667,3810,127.0,288.1996974281392,100.0,-20.0,Behind Schedule,-158.0,-5.266666666666667,3.62,10.43,6.38,-0.43,1.0,Delayed
83,Roads & Highways,Ministry of Road Transport & Highways,NHAI,618637,Bal. Works of Fagne Km. 510.000 to Maharashtra/Gujarat Border Km. 650.794,1654,1672.89,1447.76,100,2022-09-18,2026-12-31,2019-12-27,1565.0,52.166666666666664,Delayed,18.8900000000001,1.1420798065296314,Over Budget,87.53083434099153,206.24,Completed,-12.469165659008468,Low Expenditure,996.0,33.2,2444,81.46666666666667,245.38152610441765,100.0,0.0,On Track,117.0,3.9,2.73,6.69,4.28,0.32,1.0,Delayed
84,Roads & Highways,Ministry of Road Transport & Highways,NHAI,618594,Balance work of 4L Panvel to Indapur section of NH-66 Old NH- 17 from km 0.000 Panvel to km 42.300 Kasu,330,196.87,184.17,99,2024-10-22,2026-08-31,2022-12-13,678.0,22.6,Delayed,-133.13,-40.342424242424244,Cost Reduced,55.809090909090905,145.83,Near Completion,-43.190909090909095,Low Expenditure,679.0,22.633333333333333,1362,45.4,200.58910162002945,100.0,-1.0,On Track,-5.0,-0.16666666666666666,1.86,3.73,1.86,-0.01,1.0,Delayed
85,Roads & Highways,Ministry of Road Transport & Highways,MoRTH,617945,Balance work of NH-66 from design Km 84/00 to Km 87/100 Indapur Bypass and Km 91/600 to Km 99/100 Mangaon Bypass to four lane with paved shoulder in State of Maharashtra under NHO on EPC Mode.,354,,0.0,67,2027-04-08,2027-04-08,2025-03-23,0.0,0.0,On Schedule,,,Not Available,0.0,354.0,Advanced Stage,-67.0,Low Expenditure,746.0,24.866666666666667,531,17.7,71.17962466487936,71.17962466487936,-4.179624664879356,On Track,215.0,7.166666666666667,2.04,1.45,0.0,0.59,0.0,Not Delayed
86,Roads & Highways,Ministry of Road Transport & Highways,MoRTH,618198,Balance work of Rehabilitation and Up-gradation to 2-lane road with paved shoulders configuration for NH- 965DD from Pacharal-Mandangad-Mhapral-Rajewadi Upto Junction of NH-66 Ch-22700 to 75100 Km and Ambadave connector Birth place of Dr. Babasaheb Ambedkar Ch-0000 to 7325 Km length Km 59.725 in the state of Maharashtra on EPC mode. Balance Work,389,341.69,170.26,93,2024-01-04,2026-08-31,2018-03-27,970.0,32.333333333333336,Delayed,-47.31,-12.161953727506427,Cost Reduced,43.768637532133674,218.74,Near Completion,-49.231362467866326,Low Expenditure,2109.0,70.3,3084,102.8,146.23044096728307,100.0,-7.0,On Track,-5.0,-0.16666666666666666,5.77,8.44,2.66,-0.01,1.0,Delayed
87,Roads & Highways,Ministry of Road Transport & Highways,NHAI,618693,Bodhre - Dhule,1345,1292.7,837.67,98,2024-07-27,2026-08-31,2021-02-03,765.0,25.5,Delayed,-52.299999999999955,-3.888475836431223,Cost Reduced,62.280297397769516,507.33000000000004,Near Completion,-35.719702602230484,Low Expenditure,1270.0,42.333333333333336,2040,68.0,160.62992125984252,100.0,-2.0,On Track,-5.0,-0.16666666666666666,3.48,5.59,2.09,-0.01,1.0,Delayed
88,Roads & Highways,Ministry of Road Transport & Highways,NHAI,619043,Capacity Augmentation in the stretch of DhulePimpalgaon section of NH60 Km. 261.720 to Km. 380.000 by Construction of Slip/Service Road on either side at various locations total length 30.30 Km LHSRHS and Flyover 2 x 30m at Sawadgaon Phata Km. 310.415,342,,10.9,5,2026-10-17,2027-10-16,2025-12-09,364.0,12.133333333333333,Delayed,,,Not Available,3.1871345029239766,331.1,Early Stage,-1.8128654970760234,Balanced,312.0,10.4,270,9.0,86.53846153846155,86.53846153846155,-81.53846153846155,Severely Behind,406.0,13.533333333333333,0.85,0.74,1.0,1.11,1.0,Delayed
89,Roads & Highways,Ministry of Road Transport & Highways,NHAI,619204,"Capacity Augmentation in the stretch of Pimpri Sado Vadape section of NH848 Km. 460900 to Km. 537000 by Construction of Slip/Service Road on either side at various locations total length 25.140 Km LHSRHS, Flyover 2 x 25m at Borivali Junction Km. 528550 & LVUP 1 x 15m at Sherekarpada Km. 528800",372,,1.5,1,2027-10-27,2027-10-27,2025-12-09,0.0,0.0,On Schedule,,,Not Available,0.4032258064516129,370.5,Early Stage,-0.5967741935483871,Balanced,687.0,22.9,270,9.0,39.30131004366812,39.30131004366812,-38.30131004366812,Severely Behind,417.0,13.9,1.88,0.74,0.0,1.14,0.0,Not Delayed
90,Roads & Highways,Ministry of Road Transport & Highways,NHAI,619298,Construction of 6 Lane Elevated corridor from KM 612582 to KM 617540 including construction of Service Roads in Kolhapur City on NH -48 in the State of Maharashtra on EPC mode under NHO,1039,,0.06,0,2029-06-08,2029-06-08,2026-02-02,0.0,0.0,On Schedule,,,Not Available,0.005774783445620789,1038.94,Not Started,0.005774783445620789,Balanced,1222.0,40.733333333333334,215,7.166666666666667,17.594108019639933,17.594108019639933,-17.594108019639933,Behind Schedule,1007.0,33.56666666666667,3.35,0.59,0.0,2.76,0.0,Not Delayed
91,Roads & Highways,Ministry of Road Transport & Highways,MoRTH,617912,Construction of 6 lane flyover from Khapari ROB to Mihan Interchange design chainage km 8760 to 11450 L- 2.69 km and upgradation of existing 4L PS road to 6LPS with service road by flexible pavement design chainage km 11450 to 14500 L-3.05 [total project length 5.74 km] in section of Nagpur - Hyderabad NH-44 Old NH-7 in Nagpur district in the state of Maharashtra on HAM mode.,620,,18.35,8,2027-10-03,2027-10-02,2024-03-15,-1.0,-0.03333333333333333,Ahead of Schedule,,,Not Available,2.959677419354839,601.65,Early Stage,-5.040322580645161,Balanced,1297.0,43.233333333333334,904,30.133333333333333,69.69930609097918,69.69930609097918,-61.69930609097918,Severely Behind,392.0,13.066666666666666,3.55,2.48,-0.0,1.07,0.0,Not Delayed
92,Roads & Highways,Ministry of Road Transport & Highways,NHAI,618627,Construction of 7 Nos of Standalone safety structures/works at different locations on various NHs,169,112.03,26.78,33,2027-01-27,2027-01-20,2025-01-16,-7.0,-0.23333333333333334,Ahead of Schedule,-56.97,-33.710059171597635,Cost Reduced,15.846153846153847,142.22,In Progress,-17.153846153846153,Low Expenditure,741.0,24.7,597,19.9,80.5668016194332,80.5668016194332,-47.56680161943321,Severely Behind,137.0,4.566666666666666,2.03,1.63,-0.02,0.38,0.0,Not Delayed
93,Roads & Highways,Ministry of Road Transport & Highways,NHAI,619299,Construction of a 6-Lane Elevated Corridor from Km 593766 to Km 596620 Including Construction of Service Roads in Kagal City on NH-48 in the State of Maharashtra on EPC Mode.,358,,0.08,0,2028-06-08,2028-06-08,2026-03-05,0.0,0.0,On Schedule,,,Not Available,0.0223463687150838,357.92,Not Started,0.0223463687150838,Balanced,826.0,27.533333333333335,184,6.133333333333334,22.27602905569007,22.27602905569007,-22.27602905569007,Severely Behind,642.0,21.4,2.26,0.5,0.0,1.76,0.0,Not Delayed
94,Roads & Highways,Ministry of Road Transport & Highways,NHAI,619300,Construction of Four Lane Nagpur-Katol section of NH-353J including Mitigation Structures from Design Ch. 37000 to Ch. 45990 Tiger Corridor-I Mitigation Structures from Design Ch. 37000 to Ch. 45990 Tiger Corridor-I in the State of Maharashtra on EPC Mode,301,,0.0,0,2027-12-17,2027-12-17,2026-01-13,0.0,0.0,On Schedule,,,Not Available,0.0,301.0,Not Started,0.0,Balanced,703.0,23.433333333333334,235,7.833333333333333,33.428165007112376,33.428165007112376,-33.428165007112376,Severely Behind,468.0,15.6,1.92,0.64,0.0,1.28,0.0,Not Delayed
95,Roads & Highways,Ministry of Road Transport & Highways,MoRTH,618059,Construction of four-lane Concrete Road from Police Headquarter Gondia City to Rawanwadi Village Birsi Airport Junction from design km 0.000 to km 15.781 existing km 39/720 of NH-753 to existing Km 8/400 of NH 543 on sections from Kohmara- Goregaon- Police HeadquarterKaranja - Collector Office Square - Balaghat T Point- Rawanwadi- Rajegaon of NH-753 and NH-543 in Gondia District in the state of Maharashtra. Total Length of the project 15.781 Km.,328,,111.48,34,2025-08-14,2026-10-30,2023-02-14,442.0,14.733333333333333,Delayed,,,Not Available,33.987804878048784,216.51999999999998,In Progress,-0.012195121951215526,Balanced,912.0,30.4,1299,43.3,142.4342105263158,100.0,-66.0,Severely Behind,55.0,1.8333333333333333,2.5,3.56,1.21,0.15,1.0,Delayed
96,Roads & Highways,Ministry of Road Transport & Highways,MoRTH,617932,Construction of New Four Lane Bypass to Parbhani City Parwa to Asola Km 463/265 to Km 481/180 Design Ch. 19220 to Ch. 34434 Length-15.214 Km section of NH-61 on EPC mode in the State of Maharashtra.,497,,210.17,70,2024-10-15,2026-10-30,2022-03-29,745.0,24.833333333333332,Delayed,,,Not Available,42.287726358148895,286.83000000000004,Advanced Stage,-27.712273641851105,Low Expenditure,931.0,31.033333333333335,1621,54.03333333333333,174.11385606874327,100.0,-30.0,Severely Behind,55.0,1.8333333333333333,2.55,4.44,2.04,0.15,1.0,Delayed
97,Roads & Highways,Ministry of Road Transport & Highways,MoRTH,619042,"Construction of six lane Flyover at Katraj junction at Km, 3/880 of NH 548-DD Vadgaon - Katraj - Kondhwa - Mantarwadi Chowk - Loni Kalbhor - Theur Phata - Lonikand Road in Pune Dist of the State of Maharashtra. On Engineering Procurement and construction EPC Basis mode L.1.326 Km,",164,,80.23,83,2026-02-18,2023-02-25,2021-02-23,-1089.0,-36.3,Ahead of Schedule,,,Not Available,48.920731707317074,83.77,Near Completion,-34.079268292682926,Low Expenditure,1821.0,60.7,2020,67.33333333333333,110.92806150466777,100.0,-17.0,Behind Schedule,-1288.0,-42.93333333333333,4.99,5.53,-2.98,-3.53,0.0,Not Delayed
98,Roads & Highways,Ministry of Road Transport & Highways,NHAI,618939,Construction of Standalone Flyover cum ROB from Design Ch.66.600 to Design Ch.68.800 in Gadchandur Town on NH-353B,191,107.76,37.07,40,2027-07-25,2027-07-25,2025-02-24,0.0,0.0,On Schedule,-83.24,-43.581151832460726,Cost Reduced,19.408376963350786,153.93,In Progress,-20.591623036649214,Low Expenditure,881.0,29.366666666666667,558,18.6,63.33711691259932,63.33711691259932,-23.33711691259932,Severely Behind,323.0,10.766666666666667,2.41,1.53,0.0,0.88,0.0,Not Delayed
99,Roads & Highways,Ministry of Road Transport & Highways,MoRTH,618155,Development/Widening of Talegaon Chakan Shikrapur Nhavara Section of NH-548D from existing chainage km. 54/000 to 82/300 and Design chainage Km. 54/000 to 82/120 Shikrapur to Nhavara Section to 2LPS/4L Configuration on EPC Mode in the State of Maharashtra.,396,,99.7,76,2026-07-09,2026-09-30,2024-03-12,83.0,2.7666666666666666,Delayed,,,Not Available,25.176767676767675,296.3,Near Completion,-50.823232323232325,Low Expenditure,849.0,28.3,907,30.233333333333334,106.83156654888104,100.0,-24.0,Severely Behind,25.0,0.8333333333333334,2.32,2.48,0.23,0.07,1.0,Delayed
100,Roads & Highways,Ministry of Road Transport & Highways,NHAI,619210,Dharampuri-Lonand from km. 117.00 to 166.40 Pkg-IV on Mohol-Alandi Section,1412,1358.68,1474.28,97,2023-09-14,2026-09-30,2021-01-15,1112.0,37.06666666666667,Delayed,-53.319999999999936,-3.776203966005661,Cost Reduced,104.41076487252126,-62.27999999999997,Near Completion,7.410764872521256,Balanced,972.0,32.4,2059,68.63333333333334,211.83127572016463,100.0,-3.0,On Track,25.0,0.8333333333333334,2.66,5.64,3.04,0.07,1.0,Delayed
101,Roads & Highways,Ministry of Road Transport & Highways,NHAI,618626,Four laning from Dive Ghat Km. 220.900 to Hadapsar Km. 234.150 of Mohol Alandi section Pkg VI of NH-965,820,400.0,141.4,70,2026-10-14,2027-04-12,2023-12-14,180.0,6.0,Delayed,-420.0,-51.21951219512195,Cost Reduced,17.243902439024392,678.6,Advanced Stage,-52.756097560975604,Low Expenditure,1035.0,34.5,996,33.2,96.23188405797102,96.23188405797102,-26.231884057971016,Severely Behind,219.0,7.3,2.83,2.73,0.49,0.6,1.0,Delayed
102,Roads & Highways,Ministry of Road Transport & Highways,MoRTH,618097,Guhagar - Rampur - 2L-PS - km 0/00 Guhagar to 26/230 Rampur and 40/00 Mirjoli to 53/600 Sati on NH-166E,407,,0.0,92,2019-06-13,2025-08-31,2017-01-24,2271.0,75.7,Delayed,,,Not Available,0.0,407.0,Near Completion,-92.0,Low Expenditure,870.0,29.0,3511,117.03333333333333,403.5632183908046,100.0,-8.0,On Track,-370.0,-12.333333333333334,2.38,9.61,6.22,-1.01,1.0,Delayed
103,Roads & Highways,Ministry of Road Transport & Highways,NHAI,618586,Improvement and strengthening of existing 2 lane stretch to 2-Lane with PS 1.5m on both sides on Ghoti-Sinnar section of NH-160A using Thin White Topping 200mm thick in the State Of Maharashtra on EPC Mode,255,147.64,115.05,77,2026-06-16,2026-08-31,2025-03-06,76.0,2.533333333333333,Delayed,-107.36000000000001,-42.10196078431373,Cost Reduced,45.11764705882353,139.95,Near Completion,-31.88235294117647,Low Expenditure,467.0,15.566666666666666,548,18.266666666666666,117.34475374732334,100.0,-23.0,Severely Behind,-5.0,-0.16666666666666666,1.28,1.5,0.21,-0.01,1.0,Delayed
104,Roads & Highways,Ministry of Road Transport & Highways,MoRTH,617948,Kante - Wakad section of NH-66 4L PS from Km.281/300 to 332/200,1118,2020.56,375.93,90,2019-11-12,2025-11-30,2016-03-17,2210.0,73.66666666666667,Delayed,902.56,80.7298747763864,Over Budget,33.62522361359571,742.0699999999999,Near Completion,-56.37477638640429,Low Expenditure,1335.0,44.5,3824,127.46666666666667,286.4419475655431,100.0,-10.0,On Track,-279.0,-9.3,3.66,10.47,6.05,-0.76,1.0,Delayed
105,Roads & Highways,Ministry of Road Transport & Highways,MoRTH,617946,Kashedi to Parshuram Ghat section of NH-66 from Km 161/600 - Km 205/400 - 4L PS,1143,,427.48,98,2020-02-02,2025-12-31,2016-03-07,2159.0,71.96666666666667,Delayed,,,Not Available,37.39982502187227,715.52,Near Completion,-60.60017497812773,Low Expenditure,1427.0,47.56666666666667,3834,127.8,268.6755430974071,100.0,-2.0,On Track,-248.0,-8.266666666666667,3.91,10.5,5.91,-0.68,1.0,Delayed
106,Roads & Highways,Ministry of Road Transport & Highways,MoRTH,617965,Kopargaon to Savali Vihir section,195,,105.76,93,2024-07-13,2026-08-30,2022-06-22,778.0,25.933333333333334,Delayed,,,Not Available,54.23589743589744,89.24,Near Completion,-38.76410256410256,Low Expenditure,752.0,25.066666666666666,1536,51.2,204.25531914893617,100.0,-7.0,On Track,-6.0,-0.2,2.06,4.21,2.13,-0.02,1.0,Delayed
107,Roads & Highways,Ministry of Road Transport & Highways,NHAI,618653,Loha-Waranga Section of NH-361 from km 187.800 to km 244.369,1236,3466.58,1503.59,96,2021-03-24,2026-12-31,2018-03-01,2108.0,70.26666666666667,Delayed,2230.58,180.46763754045307,Over Budget,121.64967637540451,-267.5899999999999,Near Completion,25.64967637540451,High Concern,1119.0,37.3,3110,103.66666666666667,277.9267202859696,100.0,-4.0,On Track,117.0,3.9,3.06,8.51,5.77,0.32,1.0,Delayed
108,Roads & Highways,Ministry of Road Transport & Highways,MoRTH,618152,Mhaswad to Tembhurni section of NH-548C - 2L PS,489,,0.0,96,2019-07-31,2026-08-30,2017-01-25,2587.0,86.23333333333333,Delayed,,,Not Available,0.0,489.0,Near Completion,-96.0,Low Expenditure,917.0,30.566666666666666,3510,117.0,382.7699018538713,100.0,-4.0,On Track,-6.0,-0.2,2.51,9.61,7.08,-0.02,1.0,Delayed
109,Roads & Highways,Ministry of Road Transport & Highways,MoRTH,618088,Nandurshingote to Kolhar,326,,32.41,42,2026-12-19,2026-12-19,2024-09-25,0.0,0.0,On Schedule,,,Not Available,9.941717791411042,293.59000000000003,In Progress,-32.058282208588956,Low Expenditure,815.0,27.166666666666668,710,23.666666666666668,87.11656441717791,87.11656441717791,-45.11656441717791,Severely Behind,105.0,3.5,2.23,1.94,0.0,0.29,0.0,Not Delayed
110,Roads & Highways,Ministry of Road Transport & Highways,MoRTH,617934,Nasratpur to Barasgaon section of NH-61 2L / 4L PS from Km.514/00 to 558/200,407,,528.24,96,2019-09-07,2026-08-31,2017-07-05,2550.0,85.0,Delayed,,,Not Available,129.7886977886978,-121.24000000000001,Near Completion,33.78869778869779,High Concern,794.0,26.466666666666665,3349,111.63333333333334,421.7884130982368,100.0,-4.0,On Track,-5.0,-0.16666666666666666,2.17,9.17,6.98,-0.01,1.0,Delayed
111,Roads & Highways,Ministry of Road Transport & Highways,MoRTH,618172,Paithan - Shirur section 2LPS Km 0.0 to 55.00,342,,208.25,82,2019-06-02,2026-10-30,2017-03-01,2707.0,90.23333333333333,Delayed,,,Not Available,60.89181286549707,133.75,Near Completion,-21.108187134502927,Low Expenditure,823.0,27.433333333333334,3475,115.83333333333333,422.23572296476306,100.0,-18.0,Behind Schedule,55.0,1.8333333333333333,2.25,9.51,7.41,0.15,1.0,Delayed
112,Roads & Highways,Ministry of Road Transport & Highways,MoRTH,618177,Pal Phata Phulambri - Khultabad 2LPS,227,,5.78,95,2019-12-29,2025-12-31,2018-03-27,2194.0,73.13333333333334,Delayed,,,Not Available,2.5462555066079298,221.22,Near Completion,-92.45374449339207,Low Expenditure,642.0,21.4,3084,102.8,480.3738317757009,100.0,-5.0,On Track,-248.0,-8.266666666666667,1.76,8.44,6.01,-0.68,1.0,Delayed
113,Roads & Highways,Ministry of Road Transport & Highways,MoRTH,618094,Pen to Khopoli 2LPS,369,,333.1,86,2019-12-21,2025-12-31,2018-03-20,2202.0,73.4,Delayed,,,Not Available,90.2710027100271,35.89999999999998,Near Completion,4.271002710027105,Balanced,641.0,21.366666666666667,3091,103.03333333333333,482.2152886115445,100.0,-14.0,Behind Schedule,-248.0,-8.266666666666667,1.75,8.46,6.03,-0.68,1.0,Delayed
114,Roads & Highways,Ministry of Road Transport & Highways,MoRTH,618180,Pune raigarh District Border To Mangaon Ch 69000 to 103775 NH-753F,223,,0.0,89,2019-12-30,2026-07-30,2018-03-15,2404.0,80.13333333333334,Delayed,,,Not Available,0.0,223.0,Near Completion,-89.0,Low Expenditure,655.0,21.833333333333332,3096,103.2,472.67175572519085,100.0,-11.0,Behind Schedule,-37.0,-1.2333333333333334,1.79,8.48,6.58,-0.1,1.0,Delayed
115,Roads & Highways,Ministry of Road Transport & Highways,MoRTH,618089,Rehabilitation & Up-gradation of Mudkhed to Nanded section from Km. 372000 to Km 388400 of NH 161A i.e. Nanded-Bhokar-Himayatnagar-Kinwat-Mahur-Arani Road Design chainage from Km 372000 Mudkhed to Km 387650 Nanded of NH 161A Length 15.65 Km to 2/4Lane with paved shoulders configuration in the State of Maharashtra on EPC mode.,207,,74.51,65,2025-04-02,2026-10-30,2022-03-24,576.0,19.2,Delayed,,,Not Available,35.99516908212561,132.49,Advanced Stage,-29.004830917874393,Low Expenditure,1105.0,36.833333333333336,1626,54.2,147.14932126696834,100.0,-35.0,Severely Behind,55.0,1.8333333333333333,3.03,4.45,1.58,0.15,1.0,Delayed
116,Roads & Highways,Ministry of Road Transport & Highways,MoRTH,618154,"Rehabilitation & upgradation of Jamkhed to Sautada Section of NH548 D from km 195.375 to km 208.774, Length 13.399 Km to 2L PS /4L configuration with rigid pavement in the state of Maharashtra on EPC mode.",158,,0.0,69,2024-07-14,2026-06-30,2022-03-22,716.0,23.866666666666667,Delayed,,,Not Available,0.0,158.0,Advanced Stage,-69.0,Low Expenditure,845.0,28.166666666666668,1628,54.266666666666666,192.66272189349112,100.0,-31.0,Severely Behind,-67.0,-2.2333333333333334,2.31,4.46,1.96,-0.18,1.0,Delayed
117,Roads & Highways,Ministry of Road Transport & Highways,MoRTH,618134,Rehabilitation /Upgradation from Lagam to Alapalli section Desing Km. 199/400 to km 227/400 Length 28.0 Km to 2 lane with Paved Shoulders/ 4 lane configuration section of NH-353 C Sakoli-Wadsa-Armori-Gadchiroli-Ashti-Alapalli Sironcha in Gadchiroli District on EPC mode in the state of Maharashtra.,459,,132.28,81,2026-09-08,2026-09-08,2023-02-14,0.0,0.0,On Schedule,,,Not Available,28.81917211328976,326.72,Near Completion,-52.18082788671024,Low Expenditure,1302.0,43.4,1299,43.3,99.76958525345621,99.76958525345621,-18.769585253456214,Behind Schedule,3.0,0.1,3.56,3.56,0.0,0.01,0.0,Not Delayed
118,Roads & Highways,Ministry of Road Transport & Highways,MoRTH,619008,Rehabilitation and Up gradation of Charthana Jintur Section of NH 752 I Km 25100 to 47100 to 2 Lane with Paved Shoulder configuration Flexible Pavement in the state of Maharashtra on EPC mode. Reg- Resubmission of Annual Plan Estimate.,158,,0.01,51,2027-07-26,2026-07-27,2025-03-27,-364.0,-12.133333333333333,Ahead of Schedule,,,Not Available,0.006329113924050634,157.99,Advanced Stage,-50.99367088607595,Low Expenditure,851.0,28.366666666666667,527,17.566666666666666,61.927144535840185,61.927144535840185,-10.927144535840185,Behind Schedule,-40.0,-1.3333333333333333,2.33,1.44,-1.0,-0.11,0.0,Not Delayed
119,Roads & Highways,Ministry of Road Transport & Highways,MoRTH,618139,Rehabilitation and Up-gradation of Gangakhed Loha section of NH-361F from Km 169/00 to 210/00 to two lane with paved shoulder/ four lane configuration in the state of Maharashtra on EPC mode Length - 41.00 Km.,355,,0.0,43,2026-09-30,2026-09-30,2024-03-15,0.0,0.0,On Schedule,,,Not Available,0.0,355.0,In Progress,-43.0,Low Expenditure,929.0,30.966666666666665,904,30.133333333333333,97.30893433799784,97.30893433799784,-54.30893433799784,Severely Behind,25.0,0.8333333333333334,2.54,2.48,0.0,0.07,0.0,Not Delayed
120,Roads & Highways,Ministry of Road Transport & Highways,MoRTH,618150,Rehabilitation and Up-gradation of i. Deogaon phata to Digras phata Ch. 0/000 to 15/000 & Selu to Borgavhan Ch 20/900 to 35/800 [Length 29.9km] ii. Injegaon Dhamoni to Pohner Phata Ch.58/200 to Ch. 83/700 [Length25.5 km] and iii. Pohner phata to Pathri Design Ch. 42/700 to 58/200 [Length 15.5 km] sections of NH-548B to Two lane with paved shoulder configuartion in the state of Maharashtra on EPC mode Total project length 70.9 Km.,762,,0.0,15,2027-05-08,2027-05-08,2024-03-15,0.0,0.0,On Schedule,,,Not Available,0.0,762.0,Early Stage,-15.0,Low Expenditure,1149.0,38.3,904,30.133333333333333,78.67711053089643,78.67711053089643,-63.67711053089643,Severely Behind,245.0,8.166666666666666,3.15,2.48,0.0,0.67,0.0,Not Delayed
121,Roads & Highways,Ministry of Road Transport & Highways,MoRTH,618137,Rehabilitation and Up-gradation of Jarud - Sirsala section of NH-361F km 59500 to km11500 to Two lane with paved shoulder/ Four Lane in the state of Maharashtra on EPC mode Length 55.5 Km.,540,,158.38,68,2027-05-08,2027-05-08,2024-03-15,0.0,0.0,On Schedule,,,Not Available,29.32962962962963,381.62,Advanced Stage,-38.67037037037037,Low Expenditure,1149.0,38.3,904,30.133333333333333,78.67711053089643,78.67711053089643,-10.677110530896428,Behind Schedule,245.0,8.166666666666666,3.15,2.48,0.0,0.67,0.0,Not Delayed
122,Roads & Highways,Ministry of Road Transport & Highways,MoRTH,618096,Rehabilitation and Up-gradation to 2 lane road with paved shoulders configuration for the balance work of 13 km length on Helwak-Patan-Karad section Km. 85000 to 133 417 of NH-166E in the state of Maharashtra on EPC mode.,181,,60.25,87,2026-04-14,2026-12-31,2024-02-08,261.0,8.7,Delayed,,,Not Available,33.28729281767956,120.75,Near Completion,-53.71270718232044,Low Expenditure,796.0,26.533333333333335,940,31.333333333333332,118.09045226130652,100.0,-13.0,Behind Schedule,117.0,3.9,2.18,2.57,0.71,0.32,1.0,Delayed
123,Roads & Highways,Ministry of Road Transport & Highways,MoRTH,618188,Rehabilitation and Up-gradation to 2 lane with paved shoulder configuration of Mahud Sangola road NH 965 G 159400 to 161900and 162400 to 183960 Design Chainage from km. 32/300 to km. 34/800 and km. 35/800 to km. 56/860 Rigid Pavement on EPC mode in the State of Maharashtra.,254,,98.95,100,2025-05-22,2026-08-31,2023-02-16,466.0,15.533333333333333,Delayed,,,Not Available,38.95669291338583,155.05,Completed,-61.04330708661417,Low Expenditure,826.0,27.533333333333335,1297,43.233333333333334,157.02179176755448,100.0,0.0,On Track,-5.0,-0.16666666666666666,2.26,3.55,1.28,-0.01,1.0,Delayed
124,Roads & Highways,Ministry of Road Transport & Highways,MoRTH,618176,Rehabilitation and upgradation from ch km 50/200 to 56/800 and km 62/600 to 100/403 of Kolde to Visarwadi Near Junction with NH-6 section of NH 752G total length 44.40 to two-lane with paved shoulder / four lanes in the State of Maharashtra on EPC mode.,349,,39.95,35,2028-01-02,,2025-03-27,,,Not Available,,,Not Available,11.446991404011463,309.05,In Progress,-23.553008595988537,Low Expenditure,1011.0,33.7,527,17.566666666666666,52.126607319485665,52.126607319485665,-17.126607319485665,Behind Schedule,,,2.77,1.44,,,,
125,Roads & Highways,Ministry of Road Transport & Highways,MoRTH,617938,Rehabilitation And Upgradation to four lane with paved shoulder configuration from km 24350 to km 61875 Jawale - Borgaon Kale of NH-63 in the State of Maharashtra on EPC mode under Annual Plan 2024-25 Total length - 37.525 Km.,574,,7.54,20,2027-03-19,2027-03-21,2024-12-20,2.0,0.06666666666666667,Delayed,,,Not Available,1.3135888501742161,566.46,Early Stage,-18.686411149825783,Low Expenditure,819.0,27.3,624,20.8,76.19047619047619,76.19047619047619,-56.19047619047619,Severely Behind,197.0,6.566666666666666,2.24,1.71,0.01,0.54,1.0,Delayed
126,Roads & Highways,Ministry of Road Transport & Highways,MoRTH,618174,Rehabilitation and Upgradation to two lane with paved shoulder configuration of NH-752G from Sakri to Pimpalner Section Design Ch km 0000 to Ch km 21411 in the state of Maharashtra on EPC Mode. Length 21.411 km.,227,,0.0,100,2026-10-20,2026-10-21,2024-03-11,1.0,0.03333333333333333,Delayed,,,Not Available,0.0,227.0,Completed,-100.0,Low Expenditure,953.0,31.766666666666666,908,30.266666666666666,95.27806925498426,95.27806925498426,4.72193074501574,On Track,46.0,1.5333333333333334,2.61,2.49,0.0,0.13,1.0,Delayed
127,Roads & Highways,Ministry of Road Transport & Highways,MoRTH,617979,"Rehabilitation, upgradation & widening of existing highway to 2L/4LPS Rigid Pavement of NH 160 section- Phaltan to Mhaisal near Karnataka Border including Tasgaon Bypass, from existing chainage Km 301/430 to Km 458/415 in the State of Maharashtra. Package-I starting from existing chainage Km 301/430 at Phaltan Village Junction of Phaltan Baramati Road Design Chainage -301/430km & ending at existing chainage Km 341/300 Dahiwadi Village Bus Stop Design chainage Km 340466km in the S",534,,0.0,74,2027-05-29,2026-11-21,2024-03-15,-189.0,-6.3,Ahead of Schedule,,,Not Available,0.0,534.0,Advanced Stage,-74.0,Low Expenditure,1170.0,39.0,904,30.133333333333333,77.26495726495727,77.26495726495727,-3.2649572649572747,On Track,77.0,2.566666666666667,3.2,2.48,-0.52,0.21,0.0,Not Delayed
128,Roads & Highways,Ministry of Road Transport & Highways,MoRTH,617978,"Rehabilitation, upgradation & widening of existing highway to 2L/4LPS Rigid Pavement of NH 160 section- Phaltan to Mhaishal near Karnataka Border including Tasgaon Bypass, from existing chainage Km 301/430 to Km 458/415 in the State of Maharashtra- Package-II & Package III combined- starting from existing chainage Km 341/300 to Km 394/130 and design chainage Km 340/250 at Dahiwadi Village to Km 392/950 ending at Vita Village in the State of Maharashtra on EPC Mode.",632,,213.18,85,2027-05-27,2027-05-28,2024-03-14,1.0,0.03333333333333333,Delayed,,,Not Available,33.73101265822785,418.82,Near Completion,-51.26898734177215,Low Expenditure,1169.0,38.96666666666667,905,30.166666666666668,77.41659538066725,77.41659538066725,7.583404619332754,On Track,265.0,8.833333333333334,3.2,2.48,0.0,0.73,1.0,Delayed
129,Roads & Highways,Ministry of Road Transport & Highways,MoRTH,618199,"Rehabilitation, Upgradation & Widening of existing Highway to Rigid Pavement 2 Lane with Paved Shoulder of NH 965DD from Lonand Shirval-Bhor Mandangad-Pchral Section ShindewadiPhata to Varandah Ghat Dist Border from Km 33/550 to 92/550 in the state of Maharashtra on EPC mode.",723,,168.06,54,2026-07-31,2026-10-30,2023-02-20,91.0,3.033333333333333,Delayed,,,Not Available,23.2448132780083,554.94,Advanced Stage,-30.7551867219917,Low Expenditure,1257.0,41.9,1293,43.1,102.86396181384248,100.0,-46.0,Severely Behind,55.0,1.8333333333333333,3.44,3.54,0.25,0.15,1.0,Delayed
130,Roads & Highways,Ministry of Road Transport & Highways,MoRTH,618042,"Rehabilitation/ Upgradation of existing Highway to four lane standards in Kurkheda town from km.413257 to km 410775, Two lane in Shankarpur Gurnuli km 42400 to km 43100 section and Reconstruction of Major Bridge at Ch. 448558 Bhuti Nallah and Ch. 411695 Sati River bridge, Minor Bridge at Ch. 411477 and Ch. 405800 Lendhari Bridge of NH 543 Bhamhapuri-wadsa-kurkheda-korchi-Deori-Amgaon road on EPC mode in the State of Maharashtra",164,,49.03,50,2025-05-01,2026-12-31,2022-03-25,609.0,20.3,Delayed,,,Not Available,29.896341463414632,114.97,In Progress,-20.103658536585368,Low Expenditure,1133.0,37.766666666666666,1625,54.166666666666664,143.42453662842013,100.0,-50.0,Severely Behind,117.0,3.9,3.1,4.45,1.67,0.32,1.0,Delayed
131,Roads & Highways,Ministry of Road Transport & Highways,MoRTH,618065,"Rehabilitation/Upgradation of existing Highway to 2LPS/4 lane of Dhawali to Rajoli from Design Km.149476 to 163476 existing Km.150000 to 164000, Pandhasala to Mohadongri from design Km.170476 to 181476 existing Km.171000 to 182000, Ambeshivni Fata to Bodli from design Km.183476 to 185476 existing Km.184000 to 186000 and Made Tukum to Gadchiroli from design Km.188476 to 189476 existing Km.188000 to 18900 having length 28 km of NH-930 of Dhawali to Gadchroli road in the",316,,49.78,37,2025-09-04,2027-03-31,2022-03-25,573.0,19.1,Delayed,,,Not Available,15.753164556962027,266.22,In Progress,-21.246835443037973,Low Expenditure,1259.0,41.96666666666667,1625,54.166666666666664,129.07069102462273,100.0,-63.0,Severely Behind,207.0,6.9,3.45,4.45,1.57,0.57,1.0,Delayed
132,Roads & Highways,Ministry of Road Transport & Highways,NHAI,619069,Satara Km 725.000 to Pune Km 865.350 of NH - 4 New NH - 48 in Maharashtra,362,425.51,387.04,99,2022-05-04,2026-12-31,2009-09-22,1702.0,56.733333333333334,Delayed,63.50999999999999,17.54419889502762,Over Budget,106.91712707182322,-25.04000000000002,Near Completion,7.9171270718232165,Balanced,4607.0,153.56666666666666,6192,206.4,134.4041675710875,100.0,-1.0,On Track,117.0,3.9,12.61,16.95,4.66,0.32,1.0,Delayed
133,Roads & Highways,Ministry of Road Transport & Highways,MoRTH,618153,Satara to Mhaswad,653,,7.34,98,2019-08-01,2026-08-30,2017-01-25,2586.0,86.2,Delayed,,,Not Available,1.1240428790199082,645.66,Near Completion,-96.87595712098009,Low Expenditure,918.0,30.6,3510,117.0,382.3529411764706,100.0,-2.0,On Track,-6.0,-0.2,2.51,9.61,7.08,-0.02,1.0,Delayed
134,Roads & Highways,Ministry of Road Transport & Highways,MoRTH,618173,Shirur-Kharda section from 55937 km to 114486 km to 2LPS/4L,382,,0.0,84,2019-06-16,2026-08-30,2017-02-17,2632.0,87.73333333333333,Delayed,,,Not Available,0.0,382.0,Near Completion,-84.0,Low Expenditure,849.0,28.3,3487,116.23333333333333,410.71849234393403,100.0,-16.0,Behind Schedule,-6.0,-0.2,2.32,9.55,7.21,-0.02,1.0,Delayed
135,Roads & Highways,Ministry of Road Transport & Highways,MoRTH,618133,Strengthening and Widening of road Sakoli- Wadsa-Armori-Gadchiroli-Ashti- Allapalli -Sironcha National highway NH 353C in Km 262/00 to 321/00 including 16 minor Bridges and 2 Major Bridge Total length 59 Km section from repanpalli to sironcha in Gadchiroli Dist in the State of Maharashtra.,281,,144.61,67,2024-05-31,2027-03-31,2021-03-31,1034.0,34.46666666666667,Delayed,,,Not Available,51.462633451957295,136.39,Advanced Stage,-15.537366548042705,Low Expenditure,1157.0,38.56666666666667,1984,66.13333333333334,171.4779602420052,100.0,-33.0,Severely Behind,207.0,6.9,3.17,5.43,2.83,0.57,1.0,Delayed
136,Roads & Highways,Ministry of Road Transport & Highways,NHAI,618628,Strengthening of Existing Alignment of Pandharpur Town Part Bypassed Section of NH 965 from KM 36.230 to KM 44.230 from Chh. Shivaji Maharaj Chowk to Wakhari,150,87.59,76.45,69,2025-10-31,2027-03-31,2022-08-12,516.0,17.2,Delayed,-62.41,-41.60666666666666,Cost Reduced,50.96666666666667,73.55,Advanced Stage,-18.03333333333333,Low Expenditure,1176.0,39.2,1485,49.5,126.27551020408163,100.0,-31.0,Severely Behind,207.0,6.9,3.22,4.07,1.41,0.57,1.0,Delayed
137,Roads & Highways,Ministry of Road Transport & Highways,MoRTH,618061,"Strengthening, Widening & Up-gradation of newly declared NH-761 from NH-61Junction-BelheAlkutiDevibhoyareNighojShirur, from Design chainage Km 0.000 to Km 37.970 from Single/Intermediate/2L to 2LPS in the State of Maharashtra on EPC Mode Length 37.970 Km",386,,57.23,62,2026-09-27,2026-09-27,2024-03-15,0.0,0.0,On Schedule,,,Not Available,14.82642487046632,328.77,Advanced Stage,-47.17357512953368,Low Expenditure,926.0,30.866666666666667,904,30.133333333333333,97.62419006479482,97.62419006479482,-35.62419006479482,Severely Behind,22.0,0.7333333333333333,2.54,2.48,0.0,0.06,0.0,Not Delayed
138,Roads & Highways,Ministry of Road Transport & Highways,NHAI,618512,Tunnel at Khambataki Ghat Section and its approaches from existing Km. 771.730 to existing Km. 782.000,907,816.12,686.79,89,2022-02-27,2026-10-31,2017-11-07,1707.0,56.9,Delayed,-90.88,-10.019845644983462,Cost Reduced,75.72105843439911,220.21000000000004,Near Completion,-13.278941565600888,Low Expenditure,1573.0,52.43333333333333,3224,107.46666666666667,204.9586776859504,100.0,-11.0,Behind Schedule,56.0,1.8666666666666667,4.31,8.83,4.67,0.15,1.0,Delayed
139,Roads & Highways,Ministry of Road Transport & Highways,MoRTH,617937,Udgir Raavi Degloor Aadampur phata to Sagroli fata,810,,0.93,12,2028-04-12,,2024-11-29,,,Not Available,,,Not Available,0.11481481481481481,809.07,Early Stage,-11.885185185185184,Low Expenditure,1230.0,41.0,645,21.5,52.4390243902439,52.4390243902439,-40.4390243902439,Severely Behind,,,3.37,1.77,,,,
140,Roads & Highways,Ministry of Road Transport & Highways,MoRTH,618049,Up-gradation to 2/4 lane with paved shoulder configuration of NH-652 from Tuljapur Naldurg-Akkalkot road Chainage from Km. 00.000 to km 30.982 in the State of Maharashtra on EPC mode.,183,,64.95,98,2026-07-08,2026-08-30,2024-03-14,53.0,1.7666666666666666,Delayed,,,Not Available,35.49180327868853,118.05,Near Completion,-62.50819672131147,Low Expenditure,846.0,28.2,905,30.166666666666668,106.97399527186762,100.0,-2.0,On Track,-6.0,-0.2,2.32,2.48,0.15,-0.02,1.0,Delayed
141,Roads & Highways,Ministry of Road Transport & Highways,NHAI,618766,Up-gradation to Four Lane with Paved Shoulder configuration of the highway starting from existing km 88.400 Savali Vihir to km 163.400 start of Ahmednagar bypass Design Length 75.000 km section of NH-160 in the State of Maharashtra under Bharatmala Pariyojana on EPC Mode,862,617.93,298.45,49,2027-04-29,2027-04-29,2024-10-28,0.0,0.0,On Schedule,-244.07000000000005,-28.314385150812072,Cost Reduced,34.622969837587,563.55,In Progress,-14.377030162413,Low Expenditure,913.0,30.433333333333334,677,22.566666666666666,74.15115005476451,74.15115005476451,-25.151150054764514,Severely Behind,236.0,7.866666666666666,2.5,1.85,0.0,0.65,0.0,Not Delayed
142,Roads & Highways,Ministry of Road Transport & Highways,NHAI,618511,Upgradation & rehabilitation of Service Roads on both sides in urban areas of Pune City on PuneSatara section of NH48,605,388.78,66.39,24,2027-06-16,2027-06-16,2025-01-12,0.0,0.0,On Schedule,-216.22000000000003,-35.738842975206616,Cost Reduced,10.973553719008265,538.61,Early Stage,-13.026446280991735,Low Expenditure,885.0,29.5,601,20.033333333333335,67.909604519774,67.909604519774,-43.90960451977401,Severely Behind,284.0,9.466666666666667,2.42,1.65,0.0,0.78,0.0,Not Delayed
143,Roads & Highways,Ministry of Road Transport & Highways,NHAI,618754,Upgradation of 2L/4L with Paved Shoulder of Shirwal-Lonand Section from KM 159900 To KM 188025 of NH-965DD Section I and 2L With Paved Shoulder of Lonand-Satara Section from KM 51500 To KM 96246 Of NH-965D Section II in Satara District in the State of Maharashtra on EPC Mode under NHO-,538,307.24,160.77,44,2027-06-20,2027-06-20,2025-03-06,0.0,0.0,On Schedule,-230.76,-42.89219330855018,Cost Reduced,29.88289962825279,377.23,In Progress,-14.11710037174721,Low Expenditure,836.0,27.866666666666667,548,18.266666666666666,65.55023923444976,65.55023923444976,-21.550239234449762,Severely Behind,288.0,9.6,2.29,1.5,0.0,0.79,0.0,Not Delayed
144,Roads & Highways,Ministry of Road Transport & Highways,MoRTH,618098,"Upgradation of exhisting 2 lane flexible pavement to 2 lane paved shoulders rigid pavement from design chainage Km 66.00 to Design Km 82.440 Start of Kolhapur Municipal corporation near Phulewadi to kale, design length 16.440 Km section on Talere Gaganbawada-Kolhapur road NH 166G in the state of Maharashtra on EPC mode",168,,0.0,94,2024-05-13,2026-08-30,2021-03-31,839.0,27.966666666666665,Delayed,,,Not Available,0.0,168.0,Near Completion,-94.0,Low Expenditure,1139.0,37.96666666666667,1984,66.13333333333334,174.18788410886742,100.0,-6.0,On Track,-6.0,-0.2,3.12,5.43,2.3,-0.02,1.0,Delayed
145,Roads & Highways,Ministry of Road Transport & Highways,NHAI,619203,Vadape to Thane from km 539.202 to km 563.000 section of NH-3 new NH-848,1253,1371.27,491.86,87,2021-07-18,2026-10-31,2018-03-26,1931.0,64.36666666666666,Delayed,118.26999999999998,9.438946528332002,Over Budget,39.254588986432566,761.14,Near Completion,-47.745411013567434,Low Expenditure,1210.0,40.333333333333336,3085,102.83333333333333,254.9586776859504,100.0,-13.0,Behind Schedule,56.0,1.8666666666666667,3.31,8.45,5.29,0.15,1.0,Delayed
146,Roads & Highways,Ministry of Road Transport & Highways,NHAI,619198,Vadodara Mumbai Expressway Phase II - Pkg XII [Km. 50.700 to Km. 77.000] Masvan - Ganjad,1711,2388.52,979.42,100,2024-03-22,2026-08-31,2020-08-07,892.0,29.733333333333334,Delayed,677.52,39.5978959672706,Over Budget,57.24254821741671,731.58,Completed,-42.75745178258329,Low Expenditure,1323.0,44.1,2220,74.0,167.80045351473922,100.0,0.0,On Track,-5.0,-0.16666666666666666,3.62,6.08,2.44,-0.01,1.0,Delayed
147,Roads & Highways,Ministry of Road Transport & Highways,NHAI,618469,Vadodara Mumbai Expressway Phase II - Pkg XIII [Km. 26.582 to Km. 50.700] Shirsad - Masvan,3537,4679.54,1986.56,98,2024-02-08,2026-08-31,2020-06-06,935.0,31.166666666666668,Delayed,1142.54,32.30251625671473,Over Budget,56.16511167656205,1550.44,Near Completion,-41.83488832343795,Low Expenditure,1342.0,44.733333333333334,2282,76.06666666666666,170.04470938897168,100.0,-2.0,On Track,-5.0,-0.16666666666666666,3.67,6.25,2.56,-0.01,1.0,Delayed
148,Roads & Highways,Ministry of Road Transport & Highways,NHAI,618470,Vadodara Mumbai Expressway Phase II - Pkg XIV [Km. 3.000 to Km. 20.200 of Spur] Shirsad - Akloli,2059,2324.72,634.55,98,2024-05-11,2026-08-31,2021-05-27,842.0,28.066666666666666,Delayed,265.7199999999998,12.905293831957252,Over Budget,30.818358426420588,1424.45,Near Completion,-67.18164157357941,Low Expenditure,1080.0,36.0,1927,64.23333333333333,178.42592592592592,100.0,-2.0,On Track,-5.0,-0.16666666666666666,2.96,5.28,2.31,-0.01,1.0,Delayed
149,Roads & Highways,Ministry of Road Transport & Highways,NHAI,618471,Vadodara Mumbai Expressway Phase II - Pkg XV [Km. 20.200 to Km. 43.000 of Spur] Akloli - Amne,2611,2918.39,651.95,95,2024-05-11,2026-08-31,2021-05-18,842.0,28.066666666666666,Delayed,307.3899999999999,11.772883952508613,Over Budget,24.969360398314823,1959.05,Near Completion,-70.03063960168518,Low Expenditure,1089.0,36.3,1936,64.53333333333333,177.77777777777777,100.0,-5.0,On Track,-5.0,-0.16666666666666666,2.98,5.3,2.31,-0.01,1.0,Delayed
150,Roads & Highways,Ministry of Road Transport & Highways,NHAI,618472,Vadodara Mumbai Expressway Phase II - Pkg XVI [Km. 43.000 to Km. 69.800 of Spur] Amne - Bhoj,4052,4315.56,952.69,96,2024-10-31,2026-08-31,2021-06-24,669.0,22.3,Delayed,263.5600000000004,6.504442250740385,Over Budget,23.51159921026654,3099.31,Near Completion,-72.48840078973346,Low Expenditure,1225.0,40.833333333333336,1899,63.3,155.0204081632653,100.0,-4.0,On Track,-5.0,-0.16666666666666666,3.35,5.2,1.83,-0.01,1.0,Delayed
151,Roads & Highways,Ministry of Road Transport & Highways,NHAI,618473,Vadodara Mumbai Expressway Phase II - Pkg XVII [Km. 69.800 to Km. 79.783 of Spur] Bhoj - Morbe,2209,2463.02,931.24,91,2025-07-17,2026-08-31,2021-09-03,410.0,13.666666666666666,Delayed,254.01999999999998,11.499320959710275,Over Budget,42.15663196016297,1277.76,Near Completion,-48.84336803983703,Low Expenditure,1413.0,47.1,1828,60.93333333333333,129.37013446567587,100.0,-9.0,On Track,-5.0,-0.16666666666666666,3.87,5.0,1.12,-0.01,1.0,Delayed
152,Roads & Highways,Ministry of Road Transport & Highways,NHAI,619064,Vadodara Mumbai Expressway Talsari to Karvad Phase IB - Pkg X [Km 103.400 to Km 128.000],1910,2652.24,1097.32,36,2024-03-21,2027-12-31,2020-10-07,1380.0,46.0,Delayed,742.2399999999998,38.860732984293186,Over Budget,57.45130890052356,812.6800000000001,In Progress,21.451308900523557,High Concern,1261.0,42.03333333333333,2159,71.96666666666667,171.21332275971452,100.0,-64.0,Severely Behind,482.0,16.066666666666666,3.45,5.91,3.78,1.32,1.0,Delayed
153,Roads & Highways,Ministry of Road Transport & Highways,MoRTH,618178,Widening and strengthening of Gangakhed to Kingaon section of NH-752K in Km 38/750 to 72/304 Flexible Pavement Length33.554 km to 2-lane configuration on EPC mode in the State of Maharashtra.,163,,0.0,72,2026-06-03,2026-10-30,2024-02-12,149.0,4.966666666666667,Delayed,,,Not Available,0.0,163.0,Advanced Stage,-72.0,Low Expenditure,842.0,28.066666666666666,936,31.2,111.16389548693586,100.0,-28.0,Severely Behind,55.0,1.8333333333333333,2.31,2.56,0.41,0.15,1.0,Delayed
154,Roads & Highways,Ministry of Road Transport & Highways,MoRTH,618047,"Widening, Reconstruction & Up-gradation to 2 lane with Paved Shoulder/Four Lane configuration for the work of Ahmednagar to Sabalkhed & Ashti to Chinchpur Section of NH-561 from Design km 2915 to km 37728 & Design km 55100 to km 70000 in the State of Maharashtra on EPC mode. Length 49.713 km",657,,0.0,89,2027-05-27,2027-05-27,2024-03-15,0.0,0.0,On Schedule,,,Not Available,0.0,657.0,Near Completion,-89.0,Low Expenditure,1168.0,38.93333333333333,904,30.133333333333333,77.3972602739726,77.3972602739726,11.602739726027394,Ahead of Schedule,264.0,8.8,3.2,2.48,0.0,0.72,0.0,Not Delayed
155,Roads & Highways,Ministry of Road Transport & Highways,MoRTH,618138,"Widening, Reconstruction & Up-gradation to 2 lane with Paved Shoulder/Four Lane configuration for the work of Sautada to Shirapur Section of NH-561 from Design km 86300 to km 125589 in the state of Maharashtra on EPC mode. Design length 39.289 km",350,,0.0,54,2026-11-04,2026-11-04,2024-03-15,0.0,0.0,On Schedule,,,Not Available,0.0,350.0,Advanced Stage,-54.0,Low Expenditure,964.0,32.13333333333333,904,30.133333333333333,93.7759336099585,93.7759336099585,-39.7759336099585,Severely Behind,60.0,2.0,2.64,2.48,0.0,0.16,0.0,Not Delayed
156,Telecommunication,Department of Telecommunications,Department of Telecommunications [DoT],706775,BharatNet,61109,12709.0,48809.7,100,2023-08-31,2019-03-31,2017-07-19,-1614.0,-53.8,Ahead of Schedule,-48400.0,-79.20273609451964,Cost Reduced,79.87317743703873,12299.300000000003,Completed,-20.126822562961266,Low Expenditure,2234.0,74.46666666666667,3335,111.16666666666667,149.2837958818263,100.0,0.0,On Track,-2715.0,-90.5,6.12,9.13,-4.42,-7.43,0.0,Not Delayed
157,Telecommunication,Department of Telecommunications,Department of Telecommunications,547243,BharatNet Phase-II,22175,,20691.7,93,2023-05-31,,2017-07-19,,,Not Available,,,Not Available,93.3109357384442,1483.2999999999993,Near Completion,0.31093573844420064,Balanced,2142.0,71.4,3335,111.16666666666667,155.6956115779645,100.0,-7.0,On Track,,,5.86,9.13,,,,
158,Telecommunication,Department of Telecommunications,Department of Telecommunications [DoT],617413,Mobile connectivity in Left Wing Extremism [LWE] affected areas-Phase 1 Upgradation,1885,,376.8,99,2025-05-08,2026-12-31,2022-04-27,602.0,20.066666666666666,Delayed,,,Not Available,19.9893899204244,1508.2,Near Completion,-79.0106100795756,Low Expenditure,1107.0,36.9,1592,53.06666666666667,143.81210478771453,100.0,-1.0,On Track,117.0,3.9,3.03,4.36,1.65,0.32,1.0,Delayed
159,Telecommunication,Department of Telecommunications,Department of Telecommunications [DoT],701599,Mobile connectivity in Left Wing Extremism [LWE] affected areas-Phase2,1578,604.6,492.2,90,2023-03-31,2026-11-08,2018-05-23,1318.0,43.93333333333333,Delayed,-973.4,-61.68567807351077,Cost Reduced,31.191381495564002,1085.8,Near Completion,-58.808618504436,Low Expenditure,1773.0,59.1,3027,100.9,170.72758037225043,100.0,-10.0,On Track,64.0,2.1333333333333333,4.85,8.29,3.61,0.18,1.0,Delayed
160,Telecommunication,Department of Telecommunications,BSNL,709856,MPLS-IP BASED ACCESS AND AGGREGATION NETWORK [MAAN] IN BSNL ALONG WITH TEST AND MEASURING EQUIPMENT,645,,407.9,92,2024-08-31,2026-08-31,2023-05-31,730.0,24.333333333333332,Delayed,,,Not Available,63.24031007751938,237.10000000000002,Near Completion,-28.759689922480618,Low Expenditure,458.0,15.266666666666667,1193,39.766666666666666,260.48034934497815,100.0,-8.0,On Track,-5.0,-0.16666666666666666,1.25,3.27,2.0,-0.01,1.0,Delayed
161,Telecommunication,Department of Telecommunications,Department of Telecommunications [DoT],701602,"Provision of 4G based mobile services in 7,287 uncovered villages of 44 Aspirational District across 5 states of Andhra Pradesh, Chhattisgarh, Jharkhand, Maharashtra & Odisha",3685,1448.61,1108.02,81,2023-11-19,2027-01-14,2021-11-17,1152.0,38.4,Delayed,-2236.3900000000003,-60.68900949796473,Cost Reduced,30.068385345997285,2576.98,Near Completion,-50.931614654002715,Low Expenditure,732.0,24.4,1753,58.43333333333333,239.48087431693986,100.0,-19.0,Behind Schedule,131.0,4.366666666666666,2.0,4.8,3.15,0.36,1.0,Delayed
162,Telecommunication,Department of Telecommunications,Department of Telecommunications [DoT],400013,Saturation 4G mobile coverage of Uncovered Villages through USOF,26316,15392.8,8722.82,88,2024-06-20,2027-03-31,2022-07-27,1014.0,33.8,Delayed,-10923.2,-41.507827937376504,Cost Reduced,33.14645082839337,17593.18,Near Completion,-54.85354917160663,Low Expenditure,694.0,23.133333333333333,1501,50.03333333333333,216.28242074927954,100.0,-12.0,Behind Schedule,207.0,6.9,1.9,4.11,2.78,0.57,1.0,Delayed
163,Transmission & Distribution,Ministry of Power,Power Grid Corporation of India Limited [POWERGRID],617808,Inter-Regional Strengthening between SR Grid and WR Grid,1007,,50.35,3,2027-10-17,,2025-10-17,,,Not Available,,,Not Available,5.0,956.65,Early Stage,2.0,Balanced,730.0,24.333333333333332,323,10.766666666666667,44.24657534246575,44.24657534246575,-41.24657534246575,Severely Behind,,,2.0,0.88,,,,
164,Transmission & Distribution,Ministry of Power,Power Grid Corporation of India Limited [POWERGRID],619227,Network Expansion Scheme in Maharashtra for removal of Transmission constraints in Pune Region-I [765/400kV AIS Pune East],1420,,38.9,4,2028-03-11,,2026-03-12,,,Not Available,,,Not Available,2.7394366197183095,1381.1,Early Stage,-1.2605633802816905,Balanced,730.0,24.333333333333332,177,5.9,24.246575342465754,24.246575342465754,-20.246575342465754,Severely Behind,,,2.0,0.48,,,,
165,Transmission & Distribution,Ministry of Power,Power Grid Corporation of India Limited [POWERGRID],615347,TRANSMISSION SYSTEM FOR EVACUATION OF POWER FROM POTENTIAL RENEWABLE ENERGY ZONE IN KHAVDA AREA OF GUJARAT UNDER PHASE-V [8 GW] PART A [SPV Name POWERGRID West Central Transmission Limited],24819,,2978.28,19,2029-05-18,,2024-11-19,,,Not Available,,,Not Available,12.000000000000002,21840.72,Early Stage,-6.999999999999998,Balanced,1641.0,54.7,655,21.833333333333332,39.91468616697136,39.91468616697136,-20.914686166971357,Severely Behind,,,4.49,1.79,,,,
166,Transmission & Distribution,Ministry of Power,Adani Transmission Limited,619027,WRNES Talegaon Power Transmission Limited,2000,,25.0,5,2028-01-01,,2025-05-30,,,Not Available,,,Not Available,1.25,1975.0,Early Stage,-3.75,Balanced,946.0,31.533333333333335,463,15.433333333333334,48.94291754756871,48.94291754756871,-43.94291754756871,Severely Behind,,,2.59,1.27,,,,
167,Urban Public Transport,Ministry of Housing & Urban Affairs,ministry of housing and urban affairs,701991,Kalyan Station Precinct Imporvement Project,600,723.7,530.04,85,2023-07-31,2026-06-30,2018-04-24,1065.0,35.5,Delayed,123.70000000000005,20.616666666666674,Over Budget,88.34,69.96000000000004,Near Completion,3.3400000000000034,Balanced,1924.0,64.13333333333334,3056,101.86666666666666,158.83575883575884,100.0,-15.0,Behind Schedule,-67.0,-2.2333333333333334,5.27,8.37,2.92,-0.18,1.0,Delayed
168,Urban Public Transport,Ministry of Housing & Urban Affairs,Mumbai Metro Rail Corporation Limited [MMRC],702637,Mumbai Metro Line 3,23136,37276.0,35960.0,99,2023-03-31,2025-08-31,2013-07-18,884.0,29.466666666666665,Delayed,14140.0,61.11687413554634,Over Budget,155.42876901798064,-12824.0,Near Completion,56.42876901798064,High Concern,3543.0,118.1,4797,159.9,135.39373412362406,100.0,-1.0,On Track,-370.0,-12.333333333333334,9.7,13.13,2.42,-1.01,1.0,Delayed
169,Urban Public Transport,Ministry of Housing & Urban Affairs,Maharashtra Metro Rail Corporation Limited [MMRCL],702658,Nagpur Metro Rail Phase II Development Project,6708,,2161.73,42,2027-12-31,,2022-12-29,,,Not Available,,,Not Available,32.226147883124625,4546.27,In Progress,-9.773852116875375,Balanced,1828.0,60.93333333333333,1346,44.86666666666667,73.63238512035011,73.63238512035011,-31.632385120350108,Severely Behind,,,5.0,3.69,,,,
170,Urban Public Transport,Ministry of Housing & Urban Affairs,ministry of housing and urban affairs,701745,New Suburba Station Development Project,263,,163.21,48,2022-07-31,,2018-04-26,,,Not Available,,,Not Available,62.05703422053232,99.78999999999999,In Progress,14.057034220532323,Moderate Concern,1557.0,51.9,3054,101.8,196.14643545279384,100.0,-52.0,Severely Behind,,,4.26,8.36,,,,
171,Urban Public Transport,Ministry of Housing & Urban Affairs,Maharashtra Metro Rail Corporation Limited [MMRCL],617225,PCMC To Nigdi- Extension Of North South Corridor Of Phase-1,910,960.18,322.59,49,2027-01-31,,2023-10-23,,,Not Available,50.17999999999995,5.514285714285709,Over Budget,35.449450549450546,587.4100000000001,In Progress,-13.550549450549454,Low Expenditure,1196.0,39.86666666666667,1048,34.93333333333333,87.62541806020067,87.62541806020067,-38.62541806020067,Severely Behind,,,3.27,2.87,,,,
172,Urban Public Transport,Ministry of Housing & Urban Affairs,Maharashtra Metro Rail Corporation Limited [MMRCL],617226,Pune Metro Phase-1 Extension line towards south from Swargate to Katraj,2955,,190.07,9,2029-03-04,,2024-09-04,,,Not Available,,,Not Available,6.432148900169205,2764.93,Early Stage,-2.5678510998307953,Balanced,1642.0,54.733333333333334,731,24.366666666666667,44.51887941534714,44.51887941534714,-35.51887941534714,Severely Behind,,,4.5,2.0,,,,
173,Urban Public Transport,Ministry of Housing & Urban Affairs,Maharashtra Metro Rail Corporation Limited [MMRCL],618971,Pune Metro Rail Project Phase-2 Corridor 2A Vanaz to Chandani Chowk and Corridor 2B Ramwadi to Wagholi/Vitthalwadi,3626,,16.17,2,2029-07-31,,2025-07-16,,,Not Available,,,Not Available,0.445945945945946,3609.83,Early Stage,-1.554054054054054,Balanced,1476.0,49.2,416,13.866666666666667,28.184281842818425,28.184281842818425,-26.184281842818425,Severely Behind,,,4.04,1.14,,,,
174,Urban Public Transport,Ministry of Housing & Urban Affairs,Maharashtra Metro Rail Corporation Limited [MMRCL],618985,Pune Metro Rail Project Phase-2 Line-4 Kharadi to Khadakwasla with Spur Line 4A Nal Stop - Warje - Manikbaug,9858,,8.62,2,2030-12-31,,2025-12-16,,,Not Available,,,Not Available,0.08744167173868939,9849.38,Early Stage,-1.9125583282613106,Balanced,1841.0,61.36666666666667,263,8.766666666666667,14.285714285714285,14.285714285714285,-12.285714285714285,Behind Schedule,,,5.04,0.72,,,,
175,Urban Public Transport,Ministry of Housing & Urban Affairs,Maharashtra Metro Rail Corporation Limited [MMRCL],617327,Thane Integral Ring Metro Rail Project,12200,,101.17,10,2029-09-30,,2024-09-04,,,Not Available,,,Not Available,0.8292622950819672,12098.83,Early Stage,-9.170737704918032,Balanced,1852.0,61.733333333333334,731,24.366666666666667,39.470842332613394,39.470842332613394,-29.470842332613394,Severely Behind,,,5.07,2.0,,,,
176,Waste & Water,Ministry of Housing & Urban Affairs,Ministry of Housing & Urban Affairs,702833,Kalyan-Dombivali Water Supply Infrastructure Project,194,,136.56,75,2023-10-31,2026-08-31,2016-07-08,1035.0,34.5,Delayed,,,Not Available,70.3917525773196,57.44,Advanced Stage,-4.608247422680407,Balanced,2671.0,89.03333333333333,3711,123.7,138.93672781729688,100.0,-25.0,Severely Behind,-5.0,-0.16666666666666666,7.31,10.16,2.83,-0.01,1.0,Delayed
177,Water Resources,"Department of Water Resources, River Development & GR",Department of water resources-MH - II,701391,Aruna Medium Irrigation Project,210,1472.14,1734.71,100,2019-12-31,2026-06-30,2009-04-01,2373.0,79.1,Delayed,1262.14,601.0190476190477,Over Budget,826.0523809523809,-1524.71,Completed,726.0523809523809,High Concern,3926.0,130.86666666666667,6366,212.2,162.1497707590423,100.0,0.0,On Track,-67.0,-2.2333333333333334,10.75,17.43,6.5,-0.18,1.0,Delayed
178,Water Resources,"Department of Water Resources, River Development & GR",Department of Water Resources-MH,617422,Bodwad Parisar Sinchan Yojna,1924,,338.91,50,2027-07-31,,2002-05-10,,,Not Available,,,Not Available,17.614864864864867,1585.09,In Progress,-32.38513513513513,Low Expenditure,9213.0,307.1,8884,296.1333333333333,96.4289590795615,96.4289590795615,-46.428959079561494,Severely Behind,,,25.22,24.32,,,,
179,Water Resources,"Department of Water Resources, River Development & GR",Department of water resources-MH - II,701386,Gosikhurd Project,7196,12770.1,14439.5,73,2019-12-31,2028-06-30,2008-04-01,3104.0,103.46666666666667,Delayed,5574.1,77.46108949416343,Over Budget,200.66008893829905,-7243.5,Advanced Stage,127.66008893829905,High Concern,4291.0,143.03333333333333,6731,224.36666666666667,156.863202050804,100.0,-27.0,Severely Behind,664.0,22.133333333333333,11.75,18.43,8.5,1.82,1.0,Delayed
180,Water Resources,"Department of Water Resources, River Development & GR",Department of water resources-MH - II,701396,Lower Pedhi Project,256,1480.7,3066.05,65,2019-12-31,2026-06-30,2008-04-01,2373.0,79.1,Delayed,1224.7,478.3984375,Over Budget,1197.67578125,-2810.05,Advanced Stage,1132.67578125,High Concern,4291.0,143.03333333333333,6731,224.36666666666667,156.863202050804,100.0,-35.0,Severely Behind,-67.0,-2.2333333333333334,11.75,18.43,6.5,-0.18,1.0,Delayed
181,Water Resources,"Department of Water Resources, River Development & GR",Department of water resources-MH - II,701398,Nardave Medium Irrigation Project,211,781.85,879.8,75,2019-12-31,2026-06-30,2009-04-01,2373.0,79.1,Delayed,570.85,270.54502369668245,Over Budget,416.9668246445498,-668.8,Advanced Stage,341.9668246445498,High Concern,3926.0,130.86666666666667,6366,212.2,162.1497707590423,100.0,-25.0,Severely Behind,-67.0,-2.2333333333333334,10.75,17.43,6.5,-0.18,1.0,Delayed
182,Water Resources,"Department of Water Resources, River Development & GR",Department of water resources-MH - II,701383,Waghur Project,1059,1758.51,1642.5,90,2019-12-31,2026-03-31,1996-04-01,2282.0,76.06666666666666,Delayed,699.51,66.05382436260624,Over Budget,155.09915014164307,-583.5,Near Completion,65.09915014164307,High Concern,8674.0,289.1333333333333,11114,370.46666666666664,128.1300438090846,100.0,-10.0,On Track,-158.0,-5.266666666666667,23.75,30.43,6.25,-0.43,1.0,Delayed
